list_name,name,label::English
yesno,yes,yes
yesno,no,no
gender,yes,male
gender,no,female
a1_list,a1_1,nondisplaced
a1_list,a1_2,idps
a1_list,a1_3,returnees
a1_list,a1_4,refugees
a1_list,a1_5,migrants
a7_list,a7_1,1
a7_list,a7_2,2
b2_list,b2_1_a1_1,yemeni_nondisplaced
b2_list,b2_2_a1_1,djibutian_nondisplaced
b2_list,b2_3_a1_1,somali_nondisplaced
b2_list,b2_4_a1_1,ethiopian_nondisplaced
b2_list,b2_5_a1_1,eritrean_nondisplaced
b2_list,b2_6_a1_1,other_nondisplaced
b2_list,b2_1_a1_2,yemeni_idps
b2_list,b2_2_a1_2,djibutian_idps
b2_list,b2_3_a1_2,somali_idps
b2_list,b2_4_a1_2,ethiopian_idps
b2_list,b2_5_a1_2,eritrean_idps
b2_list,b2_6_a1_2,other_idps
b2_list,b2_1_a1_3,yemeni_returnees
b2_list,b2_2_a1_3,djibutian_returnees
b2_list,b2_3_a1_3,somali_returnees
b2_list,b2_4_a1_3,ethiopian_returnees
b2_list,b2_5_a1_3,eritrean_returnees
b2_list,b2_6_a1_3,other_returnees
b2_list,b2_2_a1_4,djibutian_refugees
b2_list,b2_3_a1_4,somali_refugees
b2_list,b2_4_a1_4,ethiopian_refugees
b2_list,b2_5_a1_4,eritrean_refugees
b2_list,b2_6_a1_4,other_refugees
b2_list,b2_2_a1_5,djibutian_nondisplaced
b2_list,b2_3_a1_5,somali_idps
b2_list,b2_4_a1_5,ethiopian_returnees
b2_list,b2_5_a1_5,eritrean_refugees
b2_list,b2_6_a1_5,other_migrants
b4_list,b4_1,1
b4_list,b4_2,2
b4_list,b4_3,3
b4_list,b4_4,4
b4_list,b4_5,5
b713_list,b713_1,1
b713_list,b713_2,2
b713_list,b713_3,3
b713_list,b713_4,4
b713_list,b713_5,5
b713_list,b713_6,6
b713_list,b713_7,7
b713_list,b713_8,8
b713_list,b713_9,9
b713_list,b713_10,10
b713_list,b713_11,11
b717_list,b717_1,1
b717_list,b717_2,2
b717_list,b717_3,1
b717_list,b717_4,2
b717_list,b717_5,3
b719_list,b719_1,1
b719_list,b719_2,2
b719_list,b719_3,3
b719_list,b719_4,4
b719_list,b719_5,5
b7110_list,b7110_1,1
b7110_list,b7110_2,2
b7110_list,b7110_3,3
b7110_list,b7110_4,4
b7112_list,b7112_1,1
b7112_list,b7112_2,2
b7112_list,b7112_3,3
b7113_list,b7113_1,1
b7113_list,b7113_2,2
b7113_list,b7113_3,3
b7113_list,b7113_4,4
b7113_list,b7113_5,5
b7113_list,b7113_6,6
b7113_list,b7113_7,7
b7113_list,b7113_8,8
b7113_list,b7113_9,9
b7113_list,b7113_10,10
b7113_list,b7113_11,11
b7114_list,b7114_1,1
b7114_list,b7114_2,2
b7114_list,b7114_3,3
b7114_list,b7114_4,4
b7114_list,b7114_5,5
b7114_list,b7114_6,6
b7114_list,b7114_7,7
b7114_list,b7114_8,8
b7114_list,b7114_9,9
b7114_list,b7114_10,10
b7114_list,b7114_11,11
b7115_list,b7115_1,1
b7115_list,b7115_2,2
b7115_list,b7115_3,3
b7116_list,b7116_1,1
b7116_list,b7116_2,2
b7116_list,b7116_3,3
b7116_list,b7116_4,4
b7116_list,b7116_5,5
b7116_list,b7116_6,6
b7116_list,b7116_7,7
b7116_list,b7116_8,8
b7116_list,b7116_9,9
b7116_list,b7116_10,10
b7116_list,b7116_11,11
b7116_list,b7116_12,12
b7116_list,b7116_13,13
b72_list,b72_1,1
b72_list,b72_2,2
b72_list,b72_3,3
b72_list,b72_4,4
c1_list,c1_1,1
c1_list,c1_2,2
c1_list,c1_3,3
c1_list,c1_4,4
c1_list,c1_5,5
c1_list,c1_6,6
c3_list,c3_1,1
c3_list,c3_2,2
c3_list,c3_3,3
c3_list,c3_4,4
c3_list,c3_5,5
c3_list,c3_6,6
c3_list,c3_7,7
c4_list,c4_1,1
c4_list,c4_2,2
c4_list,c4_3,3
c4_list,c4_4,4
c4_list,c4_5,5
c4_list,c4_6,6
c6_list,c6_1,1
c6_list,c6_2,2
c6_list,c6_3,3
c6_list,c6_4,4
c6_list,c6_5,5
c6_list,c6_6,6
c6_list,c6_7,7
c6_list,c6_8,8
c6_list,c6_9,9
c6_list,c6_10,10
c6_list,c6_11,11
c6_list,c6_12,12
c7_list,c7_1,1
c7_list,c7_2,2
c7_list,c7_3,3
c7_list,c7_4,4
c7_list,c7_5,5
c7_list,c7_6,6
c7_list,c7_7,7
c7_list,c7_8,8
c7_list,c7_9,9
c7_list,c7_10,10
c7_list,c7_11,11
c8_list,c8_1_a1_1,assistance_nondisplaced
c8_list,c8_2_a1_1,accomodation_nondisplaced
c8_list,c8_3_a1_1,basic_services_nondisplaced
c8_list,c8_4_a1_1,livelihoods_nondisplaced
c8_list,c8_5_a1_1,secuirty_nondisplaced
c8_list,c8_6_a1_1,family_nondisplaced
c8_list,c8_8_a1_2,dnk_nondisplaced
c8_list,c8_9_a1_2,refuse_nondisplaced
c8_list,c8_1_a1_2,assistance_idps
c8_list,c8_2_a1_2,accomodation_idps
c8_list,c8_3_a1_2,basic_services_idps
c8_list,c8_4_a1_2,livelihoods_idps
c8_list,c8_5_a1_2,secuirty_idps
c8_list,c8_6_a1_2,family_idps
c8_list,c8_7_a1_2,transit_idps
c8_list,c8_8_a1_2,dnk_idps
c8_list,c8_9_a1_2,refuse_idps
c8_list,c8_1_a1_3,assistance_returnees
c8_list,c8_2_a1_3,accomodation_returnees
c8_list,c8_3_a1_3,basic_services_returnees
c8_list,c8_4_a1_3,livelihoods_returnees
c8_list,c8_5_a1_3,secuirty_returnees
c8_list,c8_6_a1_3,family_returnees
c8_list,c8_8_a1_3,dnk_returnees
c8_list,c8_9_a1_3,refuse_returnees
c8_list,c8_1_a1_4,assistance_refugees
c8_list,c8_2_a1_4,accomodation_refugees
c8_list,c8_3_a1_4,basic_services_refugees
c8_list,c8_4_a1_4,livelihoods_refugees
c8_list,c8_5_a1_4,secuirty_refugees
c8_list,c8_6_a1_4,family_refugees
c8_list,c8_7_a1_4,transit_refugees
c8_list,c8_8_a1_4,dnk_refugees
c8_list,c8_9_a1_4,refuse_refugees
c8_list,c8_1_a1_5,assistance_nondisplaced
c8_list,c8_2_a1_5,accomodation_nondisplaced
c8_list,c8_3_a1_5,basic_services_nondisplaced
c8_list,c8_4_a1_5,livelihoods_nondisplaced
c8_list,c8_5_a1_5,secuirty_nondisplaced
c8_list,c8_6_a1_5,family_nondisplaced
c8_list,c8_8_a1_5,transit_nondisplaced
c8_list,c8_9_a1_5,dnk_nondisplaced
c8_list,c8_9_a1_5,refuse_nondisplaced
c9_10_list,c9_10_1,1
c9_10_list,c9_10_2,2
c9_10_list,c9_10_3,3
c9_10_list,c9_10_4,4
c9_10_list,c9_10_5,5
c9_10_list,c9_10_6,6
c9_10_list,c9_10_7,7
c9_10_list,c9_10_8,8
d1_list,d1_1,1
d1_list,d1_2,2
d1_list,d1_3,3
d1_list,d1_4,4
d1_list,d1_5,5
d1_list,d1_6,6
d1_list,d1_7,7
d1_list,d1_8,8
d1_list,d1_9,9
d1_list,d1_10,10
d1_list,d1_11,11
d1_list,d1_12,12
d1_list,d1_13,13
d1_list,d1_14,14
d1_list,d1_15,15
d1_list,d1_16,16
d1_list,d1_17,17
d1_list,d1_18,18
d1_list,d1_19,19
d2_list,d2_1,1
d2_list,d2_2,2
d2_list,d2_3,3
d2_list,d2_4,4
d2_list,d2_5,5
d2_list,d2_6,6
d2_list,d2_7,7
e12_list,e12_1,1
e12_list,e12_2,2
e12_list,e12_3,3
e12_list,e12_4,4
e12_list,e12_5,5
e12_list,e12_6,6
e12_list,e12_7,7
e13_list,e13_1,1
e13_list,e13_2,2
e13_list,e13_3,3
e14_list,e14_1,1
e14_list,e14_2,2
e14_list,e14_3,3
e14_list,e14_4,4
e2_list,e2_1,1
e2_list,e2_2,2
e2_list,e2_3,3
e2_list,e2_4,4
e2_list,e2_5,5
e2_list,e2_6,6
e2_list,e2_7,7
e3_list,e3_1,1
e3_list,e3_2,2
e3_list,e3_3,3
e3_list,e3_4,4
e4_list,e4_1,1
e4_list,e4_2,2
e4_list,e4_3,3
e4_list,e4_4,4
e4_list,e4_5,5
e4_list,e4_6,6
e4_list,e4_7,7
e4_list,e4_8,8
e5_list,e5_1,1
e5_list,e5_2,2
e5_list,e5_3,3
e6_list,e6_1,1
e6_list,e6_2,2
e6_list,e6_3,3
e6_list,e6_4,4
e6_list,e6_5,5
e6_list,e6_6,6
e7_list,e7_1_a1_2,damange_idp
e7_list,e7_2_a1_2,looting_idp
e7_list,e7_3_a1_2,occupied_idp
e7_list,e7_4_a1_2,dispute_idp
e7_list,e7_5_a1_2,rental_idp
e7_list,e7_6_a1_2,documents_idp
e7_list,e7_7_a1_2,noaccess_idp
e7_list,e7_8_a1_2,eviction_idp
e7_list,e7_9_a1_2,dnk_idp
e7_list,e7_10_a1_2,refuse_idp
e7_list,e7_11_a1_2,none_idp
e8_list,e8_1,1
e8_list,e8_2,2
e8_list,e8_3,3
e8_list,e8_4,4
e9_list,e9_1_a1_2,yes_directly_idps
e9_list,e9_2_a1_2,yes_representation_idps
e9_list,e9_3_a1_2,no_idps
e10_list,e10_1_a1_2,local_integration_idps
e10_list,e10_2_a1_2,resettlement_idps
e10_list,e10_3_a1_2,assisted_return_idps
e10_list,e10_4_a1_2,voluntary_idps
e10_list,e10_5_a1_2,voluntary_humanitarian_idps
e10_list,e10_6_a1_2,none_idps
e10_list,e10_7_a1_2,dnk_idps
e10_list,e10_8_a1_2,refuse_idps
e10_list,e10_1_a1_4,local_integration_refugees
e10_list,e10_2_a1_4,resettlement_refugees
e10_list,e10_3_a1_4,assisted_return_refugees
e10_list,e10_4_a1_4,voluntary_refugees
e10_list,e10_5_a1_4,voluntary_humanitarian_refugees
e10_list,e10_6_a1_4,none_refugees
e10_list,e10_7_a1_4,dnk_refugees
e10_list,e10_8_a1_4,refuse_refugees
e10_list,e10_1_a1_5,local_integration_migrants
e10_list,e10_2_a1_5,resettlement_migrants
e10_list,e10_3_a1_5,assisted_return_migrants
e10_list,e10_4_a1_5,voluntary_migrants
e10_list,e10_5_a1_5,voluntary_humanitarian_migrants
e10_list,e10_6_a1_5,none_migrants
e10_list,e10_7_a1_5,dnk_migrants
e10_list,e10_8_a1_5,refuse_migrants
f11_list,f11_1,1
f11_list,f11_2,2
f11_list,f11_3,3
f11_list,f11_4,4
f11_list,f11_5,5
f11_list,f11_6,6
f11_list,f11_7,7
f11_list,f11_8,8
f11_list,f11_9,9
f11_list,f11_10,10
f11_list,f11_11,11
f12_list,f12_1,1
f12_list,f12_2,2
f12_list,f12_3,3
f12_list,f12_4,4
f12_list,f12_5,5
f12_list,f12_6,6
f12_list,f12_7,7
f13_list,f13_1,1
f13_list,f13_2,2
f13_list,f13_3,3
f13_list,f13_4,4
f13_list,f13_5,5
f13_list,f13_6,6
f14_list,f14_1,1
f14_list,f14_2,2
f14_list,f14_3,3
f14_list,f14_4,4
f14_list,f14_5,5
f14_list,f14_6,6
f17_list,f15_1,1
f17_list,f15_2,2
f17_list,f15_3,3
f17_list,f15_4,4
f17_list,f15_5,5
f17_list,f15_6,6
f17_list,f15_7,7
f19_list,f19_1,1
f19_list,f19_2,2
f19_list,f19_3,3
f19_list,f19_4,4
f19_list,f19_5,5
f110_list,f110_1,1
f110_list,f110_2,2
f110_list,f110_3,3
f110_list,f110_4,4
f110_list,f110_5,5
f110_list,f110_6,6
f22_list,f22_1,1
f22_list,f22_2,2
f22_list,f22_3,3
f22_list,f22_4,4
f23_list,f23_1,1
f23_list,f23_2,2
f23_list,f23_3,3
f23_list,f23_4,4
f23_list,f23_5,5
f23_list,f23_6,6
f23_list,f23_7,7
f23_list,f23_8,8
f23_list,f23_9,9
f23_list,f23_10,10
f24_list,f24_1,1
f24_list,f24_2,2
f24_list,f24_3,3
f24_list,f24_4,4
f24_list,f24_5,5
f24_list,f24_6,6
f24_list,f24_7,7
f24_list,f24_8,8
f24_list,f24_9,9
f25_list,f25_1,1
f25_list,f25_2,2
f25_list,f25_3,3
f25_list,f25_4,4
f26_list,f26_1,1
f26_list,f26_2,2
f26_list,f26_3,3
f26_list,f26_4,4
f26_list,f26_5,5
f311_list,f311_1,1
f311_list,f311_2,2
f311_list,f311_3,3
f311_list,f311_4,4
f311_list,f311_5,5
f311_list,f311_6,6
f312_list,f312_1,1
f312_list,f312_2,2
f312_list,f312_3,3
f32_list,f32_1,1
f32_list,f32_2,2
f32_list,f32_3,3
f33_list,f33_1,1
f33_list,f33_2,2
f33_list,f33_3,3
f33_list,f33_4,4
f33_list,f33_5,5
f33_list,f33_6,6
f33_list,f33_7,7
f33_list,f33_8,8
f33_list,f33_9,9
f33_list,f33_10,10
f34_list,f34_1,1
f34_list,f34_2,2
f34_list,f34_3,3
f34_list,f34_4,4
f35_list,f35_1,1
f35_list,f35_2,2
f35_list,f35_3,3
f35_list,f35_4,4
f35_list,f35_5,5
f35_list,f35_6,6
f35_list,f35_7,7
g1_list,g1_1,1
g1_list,g1_2,2
g1_list,g1_3,3
g1_list,g1_4,4
g21_list,g21_1,1
g21_list,g21_2,2
g21_list,g21_3,3
g21_list,g21_4,4
g21_list,g21_5,5
g21_list,g21_6,6
g21_list,g21_7,7
g21_list,g21_8,8
g21_list,g21_9,9
g21_list,g21_10,10
g21_list,g21_11,11
g21_list,g21_12,12
g21_list,g21_13,13
g21_list,g21_14,14
g21_list,g21_15,15
g21_list,g21_16,16
g22_list,g22_1,1
g22_list,g22_2,2
g22_list,g22_3,3
g22_list,g22_4,4
g22_list,g22_5,5
g22_list,g22_6,6
g23_list,g23_1,1
g23_list,g23_2,2
g23_list,g23_3,3
g23_list,g23_4,4
g23_list,g23_5,5
g23_list,g23_6,6
g23_list,g23_7,7
g23_list,g23_8,8
g23_list,g23_9,9
g23_list,g23_10,10
g24_list,g24_1,1
g24_list,g24_2,2
g24_list,g24_3,3
g24_list,g24_4,4
g24_list,g24_5,5
g24_list,g24_6,6
g24_list,g24_7,7
g3_list,g3_1_a1_1,1_a1_1
g3_list,g3_2_a1_1,2_a1_1
g3_list,g3_3_a1_1,3_a1_1
g3_list,g3_4_a1_1,4_a1_1
g3_list,g3_5_a1_1,5_a1_1
g3_list,g3_6_a1_1,6_a1_1
g3_list,g3_7_a1_1,7_a1_1
g3_list,g3_8_a1_1,8_a1_1
g3_list,g3_9_a1_1,9_a1_1
g3_list,g3_10,10
g3_list,g3_11,11
g3_list,g3_12,12
g3_list,g3_13,13
g3_list,g3_14,14
g3_list,g3_15,15
g3_list,g3_16,16
g3_list,g3_17_a1_1,17_a1_1
g3_list,g3_18_a1_1,18_a1_1
g3_list,g3_19_a1_1,19_a1_1
g3_list,g3_20_a1_1,20_a1_1
g3_list,g3_21_a1_1,21_a1_1
g3_list,g3_22_a1_1,22_a1_1
g3_list,g3_23,23
g3_list,g3_24_a1_1,24_a1_1
g4_list,g4_1,1
g4_list,g4_2,2
g4_list,g4_3,3
g4_list,g4_4,4
g4_list,g4_5,5
g4_list,g4_6,6
g5_list,g5_1,1
g5_list,g5_2,2
g5_list,g5_3,3
g5_list,g5_4,4
g5_list,g5_5,5
g6_list,g6_1,1
g6_list,g6_2,2
g6_list,g6_3,3
g6_list,g6_4,4
g6_list,g6_5,5
g7_list,g6_6,6
g7_list,g6_7,7
g7_list,g6_8,8
h1_list,h1_1,1
h1_list,h1_2,2
h1_list,h1_3,3
h1_list,h1_4,4
h2_list,h2_1,1
h2_list,h2_2,2
h2_list,h2_3,3
h2_list,h2_4,4
h2_list,h2_5,5
h2_list,h2_6,6
h2_list,h2_7,7
h2_list,h2_8,8
h2_list,h2_9,9
h2_list,h2_10,10
h2_list,h2_11,11
h2_list,h2_12,12
h2_list,h2_13,13
h2_list,h2_14,14
h2_list,h2_15,15
h2_list,h2_16,16
h2_list,h2_17,17
h2_list,h2_18,18
h2_list,h2_19,19
h2_list,h2_20,20
h2_list,h2_21,21
h2_list,h2_22,22
h2_list,h2_23,23
h2_list,h2_24,24
h2_list,h2_25,25
h2_list,h2_26,26
h322_list,h322_1,1
h322_list,h322_2,2
h322_list,h322_3,3
h322_list,h322_4,4
h322_list,h322_5,5
h4_list,h4_1,1
h4_list,h4_2,2
h4_list,h4_3,3
h4_list,h4_4,4
h5_list,h5_1,1
h5_list,h5_2,2
h5_list,h5_3,3
h5_list,h5_4,4
h5_list,h5_5,5
h5_list,h5_6,6
h5_list,h5_7,7
h5_list,h5_8,8
h5_list,h5_9,9
h5_list,h5_10,10
h5_list,h5_11,11
h6_list,h6_1,1
h6_list,h6_2,2
h6_list,h6_3,3
h6_list,h6_4,4
h7_list,h7_1,1
h7_list,h7_2,2
h7_list,h7_3,3
h7_list,h7_4,4
h7_list,h7_5,5
h7_list,h7_6,6
h7_list,h7_7,7
h7_list,h7_8,8
h7_list,h7_9,9
h7_list,h7_10,10
h7_list,h7_11,11
h7_list,h7_12,12
h7_list,h7_13,13
h7_list,h7_14,14
h7_list,h7_15,15
h7_list,h7_16,16
h7_list,h7_17,17
h8_list,h8_1,1
h8_list,h8_2,2
h8_list,h8_3,3
h8_list,h8_4,4
h8_list,h8_5,5
h8_list,h8_6,6
h8_list,h8_7,7
h8_list,h8_8,8
h8_list,h8_9,9
h8_list,h8_10,10
h8_list,h8_11,11
h8_list,h8_12,12
h8_list,h8_13,13
h8_list,h8_14,14
h8_list,h8_15,15
h8_list,h8_16,16
h8_list,h8_17,17
h9_list,h9_1_a1_5,1_a1_5
h9_list,h9_2_a1_5,2_a1_5
h9_list,h9_3_a1_5,3_a1_5
h9_list,h9_4_a1_5,4_a1_5
h11_list,h11_1,1
h11_list,h11_2,2
h11_list,h11_3,3
h11_list,h11_4,4
h12_list,h12_1,1
h12_list,h12_2,2
h12_list,h12_3,3
h12_list,h12_4,4
h12_list,h12_5,5
h12_list,h12_6,6
h12_list,h12_7,7
h12_list,h12_8,8
h13_list,h13_1,1
h13_list,h13_2,2
h13_list,h13_3,3
h13_list,h13_4,4
h13_list,h13_5,5
h13_list,h13_6,6
h13_list,h13_7,7
h13_list,h13_8,8
h13_list,h13_9,9
h13_list,h13_10,10
h13_list,h13_11,11
h13_list,h13_12,12
h13_list,h13_13,13
h13_list,h13_14,14
h13_list,h13_15,15
h14_list,h14_1,1
h14_list,h14_2,2
h14_list,h14_3,3
h14_list,h14_4,4
h14_list,h14_5,5
h14_list,h14_6,6
h14_list,h14_7,7
h14_list,h14_8,8
h14_list,h14_9,9
h14_list,h14_10,10
h14_list,h14_11,11
h14_list,h14_12,12
h15_list,h15_1,1
h15_list,h15_2,2
h15_list,h15_3,3
h15_list,h15_4,4
h15_list,h15_5,5
h17_list,h16_1,1
h17_list,h16_2,2
h17_list,h16_3,3
h17_list,h16_4,4
h19_list,h19_1_a1_1,1_a1_1
h19_list,h19_2_a1_1,2_a1_1
h19_list,h19_3_a1_1,3_a1_1
h19_list,h19_4_a1_1,4_a1_1
h19_list,h19_5_a1_1,5_a1_1
h19_list,h19_6_a1_1,6_a1_1
h19_list,h19_7_a1_1,7_a1_1
h19_list,h19_8_a1_1,8_a1_1
h19_list,h19_9_a1_1,9_a1_1
h19_list,h19_10_a1_1,10_a1_1
h19_list,h19_11_a1_1,11_a1_1
h19_list,h19_12_a1_1,12_a1_1
h19_list,h19_13_a1_1,13_a1_1
h19_list,h19_14_a1_1,14_a1_1
h19_list,h19_15_a1_1,15_a1_1
h19_list,h19_16_a1_1,16_a1_1
i1_list,i1_1,1
i1_list,i1_2,2
i1_list,i1_3,3
i1_list,i1_4,4
i2_list,i2_1,1
i2_list,i2_2,2
i2_list,i2_3,3
i2_list,i2_4,4
i2_list,i2_5,5
i3_list,i3_1_a1_1,1_a1_1
i3_list,i3_2_a1_1,2_a1_1
i3_list,i3_3_a1_1,3_a1_1
i3_list,i3_4_a1_1,4_a1_1
i3_list,i3_5_a1_1,5_a1_1
i3_list,i3_6_a1_1,6_a1_1
i3_list,i3_7_a1_1,7_a1_1
i3_list,i3_8_a1_1,8_a1_1
i3_list,i3_9_a1_1,9_a1_1
i3_list,i3_10_a1_1,10_a1_1
i3_list,i3_11_a1_1,11_a1_1
i3_list,i3_1_a1_2,1_a1_2
i3_list,i3_2_a1_2,2_a1_2
i3_list,i3_3_a1_2,3_a1_2
i3_list,i3_4_a1_2,4_a1_2
i3_list,i3_5_a1_2,5_a1_2
i3_list,i3_6_a1_2,6_a1_2
i3_list,i3_7_a1_2,7_a1_2
i3_list,i3_8_a1_2,8_a1_2
i3_list,i3_9_a1_2,9_a1_2
i3_list,i3_10_a1_2,10_a1_2
i3_list,i3_11_a1_2,11_a1_2
i3_list,i3_1_a1_3,1_a1_3
i3_list,i3_2_a1_3,2_a1_3
i3_list,i3_3_a1_3,3_a1_3
i3_list,i3_4_a1_3,4_a1_3
i3_list,i3_5_a1_3,5_a1_3
i3_list,i3_6_a1_3,6_a1_3
i3_list,i3_7_a1_3,7_a1_3
i3_list,i3_8_a1_3,8_a1_3
i3_list,i3_9_a1_3,9_a1_3
i3_list,i3_10_a1_3,10_a1_3
i3_list,i3_11_a1_3,11_a1_3
i3_list,i3_1_a1_4,1_a1_4
i3_list,i3_2_a1_4,2_a1_4
i3_list,i3_3_a1_4,3_a1_4
i3_list,i3_4_a1_4,4_a1_4
i3_list,i3_5_a1_4,5_a1_4
i3_list,i3_6_a1_4,6_a1_4
i3_list,i3_7_a1_4,7_a1_4
i3_list,i3_8_a1_4,8_a1_4
i3_list,i3_9_a1_4,9_a1_4
i3_list,i3_10_a1_4,10_a1_4
i3_list,i3_11_a1_4,11_a1_4
i3_list,i3_1_a1_5,1_a1_5
i3_list,i3_2_a1_5,2_a1_5
i3_list,i3_3_a1_5,3_a1_5
i3_list,i3_4_a1_5,4_a1_5
i3_list,i3_5_a1_5,5_a1_5
i3_list,i3_6_a1_5,6_a1_5
i3_list,i3_7_a1_5,7_a1_5
i3_list,i3_8_a1_5,8_a1_5
i3_list,i3_9_a1_5,9_a1_5
i3_list,i3_10_a1_5,10_a1_5
i3_list,i3_11_a1_5,11_a1_5
i4_list,i4_1,1
i4_list,i4_2,2
i4_list,i4_3,3
i4_list,i4_4,4
i4_list,i4_5,5
i4_list,i4_6,6
i4_list,i4_7,7
i4_list,i4_8,8
i5_list,i5_1,1
i5_list,i5_2,2
i5_list,i5_3,3
i5_list,i5_4,4
i5_list,i5_5,5
i5_list,i5_6,6
i5_list,i5_7,7
i5_list,i5_8,8
i6_list,i6_1,1
i6_list,i6_2,2
i6_list,i6_3,3
i6_list,i6_4,4
i6_list,i6_5,5
i6_list,i6_6,6
i6_list,i6_7,7
i7_list,i7_1,1
i7_list,i7_2,2
i7_list,i7_3,3
i7_list,i7_4,4
i7_list,i7_5,5
i7_list,i7_6,6
i7_list,i7_7,7
i7_list,i7_8,8
i8_list,i8_1,1
i8_list,i8_2,2
i8_list,i8_3,3
i8_list,i8_4,4
i8_list,i8_5,5
i8_list,i8_6,6
i8_list,i8_7,7
i8_list,i8_8,8
i8_list,i8_9,9
j1_list,j1_1,1
j1_list,j1_2,2
j1_list,j1_3,3
j1_list,j1_4,4
j1_list,j1_5,5
j1_list,j1_6,6
j1_list,j1_7,7
j1_list,j1_8,8
j1_list,j1_9,9
j1_list,j1_10,10
j1_list,j1_11,11
j1_list,j1_12,12
j1_list,j1_13,13
j1_list,j1_14,14
j1_list,j1_15,15
j2_list,j2_1,1
j2_list,j2_2,2
j2_list,j2_3,3
j2_list,j2_4,4
j3_list,j3_1,1
j3_list,j3_2,2
j3_list,j3_3,3
j3_list,j3_4,4
j3_list,j3_5,5
j3_list,j3_6,6
j3_list,j3_7,7
j3_list,j3_8,8
j3_list,j3_9,9
j3_list,j3_10,10
j3_list,j3_11,11
j3_list,j3_12,12
j3_list,j3_13,13
j4_list,j4_1,1
j4_list,j4_2,2
j4_list,j4_3,3
j4_list,j4_4,4
j5_list,j5_1_a1_1,1_a1_1
j5_list,j5_2_a1_1,2_a1_1
j5_list,j5_3_a1_1,3_a1_1
j5_list,j5_4_a1_1,4_a1_1
j5_list,j5_5_a1_1,5_a1_1
j5_list,j5_6_a1_1,6_a1_1
j5_list,j5_7_a1_1,7_a1_1
j5_list,j5_8_a1_1,8_a1_1
j5_list,j5_9_a1_1,9_a1_1
j5_list,j5_1_a1_2,1_a1_2
j5_list,j5_2_a1_2,2_a1_2
j5_list,j5_3_a1_2,3_a1_2
j5_list,j5_4_a1_2,4_a1_2
j5_list,j5_5_a1_2,5_a1_2
j5_list,j5_6_a1_2,6_a1_2
j5_list,j5_7_a1_2,7_a1_2
j5_list,j5_8_a1_2,8_a1_2
j5_list,j5_9_a1_2,9_a1_2
j5_list,j5_1_a1_3,1_a1_3
j5_list,j5_2_a1_3,2_a1_3
j5_list,j5_3_a1_3,3_a1_3
j5_list,j5_4_a1_3,4_a1_3
j5_list,j5_5_a1_3,5_a1_3
j5_list,j5_6_a1_3,6_a1_3
j5_list,j5_7_a1_3,7_a1_3
j5_list,j5_8_a1_3,8_a1_3
j5_list,j5_9_a1_3,9_a1_3
j5_list,j5_1_a1_4,1_a1_4
j5_list,j5_2_a1_4,2_a1_4
j5_list,j5_3_a1_4,3_a1_4
j5_list,j5_4_a1_4,4_a1_4
j5_list,j5_5_a1_4,5_a1_4
j5_list,j5_6_a1_4,6_a1_4
j5_list,j5_7_a1_4,7_a1_4
j5_list,j5_8_a1_4,8_a1_4
j5_list,j5_9_a1_4,9_a1_4
j5_list,j5_10_a1_4,10_a1_4
j5_list,j5_1_a1_5,1_a1_5
j5_list,j5_2_a1_5,2_a1_5
j5_list,j5_3_a1_5,3_a1_5
j5_list,j5_4_a1_5,4_a1_5
j5_list,j5_5_a1_5,5_a1_5
j5_list,j5_6_a1_5,6_a1_5
j5_list,j5_7_a1_5,7_a1_5
j5_list,j5_8_a1_5,8_a1_5
j5_list,j5_9_a1_5,9_a1_5
j5_list,j5_10_a1_5,11_a1_5
j6_list,j6_1,1
j6_list,j6_2,2
j6_list,j6_3,3
j6_list,j6_4,4
j7_list,j7_1,1
j7_list,j7_2,2
j7_list,j7_3,3
j7_list,j7_4,4
j7_list,j7_5,5
j7_list,j7_6,6
j7_list,j7_7,7
j7_list,j7_8,8
j7_list,j7_9,9
j7_list,j7_10,10
j7_list,j7_11,11
j7_list,j7_12,12
j7_list,j7_13,13
j7_list,j7_14,14
j8_list,j8_1,1
j8_list,j8_2,2
j8_list,j8_3,3
j8_list,j8_4,4
j9_list,j9_1,1
j9_list,j9_2,2
j9_list,j9_3,3
j9_list,j9_4,4
j9_list,j9_5,5
j9_list,j9_6,6
j9_list,j9_7,7
j9_list,j9_8,8
j9_list,j9_9,9
j9_list,j9_10,10
j10_list,j10_1,1
j10_list,j10_2,2
j10_list,j10_3,3
j10_list,j10_4,4
j10_list,j10_5,5
j10_list,j10_6,6
j10_list,j10_7,7
j10_list,j10_8,8
j10_list,j10_9,9
j10_list,j10_10,10
j10_list,j10_11,11
j10_list,j10_12,12
j10_list,j10_13,13
j10_list,j10_14,14
k1_list,k1_1,1
k1_list,k1_2,2
k1_list,k1_3,3
k1_list,k1_4,4
k2_list,k2_1,1
k2_list,k2_2,2
k2_list,k2_3,3
k2_list,k2_4,4
k2_list,k2_5,5
k3_list,k3_1,1
k3_list,k3_2,2
k3_list,k3_3,3
k3_list,k3_4,4
k3_list,k3_5,5
k4_list,k4_1,1
k4_list,k4_2,2
k4_list,k4_3,3
k4_list,k4_4,4
k4_list,k4_5,5
l1_list,l1_1,1
l1_list,l1_2,2
l1_list,l1_3,3
l1_list,l1_4,4
l2_list,l2_1,1
l2_list,l2_2,2
l2_list,l2_3,3
l2_list,l2_4,4
l2_list,l2_5,5
l2_list,l2_6,6
l2_list,l2_7,7
l2_list,l2_8,8
l2_list,l2_9,9
l2_list,l2_10,10
l2_list,l2_11,11
l2_list,l2_12,12
l2_list,l2_13,13
l2_list,l2_14,14
l2_list,l2_15,15
l2_list,l2_16,16
l2_list,l2_17,17
l2_list,l2_18,18
l2_list,l2_19,19
l3_list,l3_1,1
l3_list,l3_2,2
l3_list,l3_3,3
l3_list,l3_4,4
l3_list,l3_5,5
l3_list,l3_6,6
l3_list,l3_7,7
l3_list,l3_8,8
l3_list,l3_9,9
l3_list,l3_10,10
l4_list,l4_1,1
l4_list,l4_2,2
l4_list,l4_3,3
l5_list,l5_1,1
l5_list,l5_2,2
l5_list,l5_3,3
l5_list,l5_4,4
l5_list,l5_5,5
l5_list,l5_6,6
l5_list,l5_7,7
l5_list,l5_8,8
l5_list,l5_9,9
l5_list,l5_10,10
l5_list,l5_11,11
l5_list,l5_12,12
l5_list,l5_13,13
l6_list,l6_1,1
l6_list,l6_2,2
l6_list,l6_3,3
l8_list,l8_1,1
l8_list,l8_2,2
l8_list,l8_3,3
l8_list,l8_4,4
l8_list,l8_5,5
l10_list,l10_1_a1_1,1_a1_1
l10_list,l10_2_a1_1,2_a1_1
l10_list,l10_3_a1_1,3_a1_1
l10_list,l10_4_a1_1,4_a1_1
l10_list,l10_5_a1_1,5_a1_1
l10_list,l10_6_a1_1,6_a1_1
l10_list,l10_7_a1_1,7_a1_1
l10_list,l10_8_a1_1,8_a1_1
l10_list,l10_9_a1_1,9_a1_1
l10_list,l10_10_a1_1,10_a1_1
l10_list,l10_11_a1_1,11_a1_1
l10_list,l10_12_a1_1,12_a1_1
l10_list,l10_13_a1_1,13_a1_1
l10_list,l10_14_a1_1,14_a1_1
l10_list,l10_15_a1_1,15_a1_1
l10_list,l10_16_a1_1,16_a1_1
l10_list,l10_17_a1_1,17_a1_1
l10_list,l10_19_a1_1,19_a1_1
l10_list,l10_1_a1_2,1_a1_2
l10_list,l10_2_a1_2,2_a1_2
l10_list,l10_3_a1_2,3_a1_2
l10_list,l10_4_a1_2,4_a1_2
l10_list,l10_5_a1_2,5_a1_2
l10_list,l10_6_a1_2,6_a1_2
l10_list,l10_7_a1_2,7_a1_2
l10_list,l10_8_a1_2,8_a1_2
l10_list,l10_9_a1_2,9_a1_2
l10_list,l10_10_a1_2,10_a1_2
l10_list,l10_11_a1_2,11_a1_2
l10_list,l10_12_a1_2,12_a1_2
l10_list,l10_13_a1_2,13_a1_2
l10_list,l10_14_a1_2,14_a1_2
l10_list,l10_15_a1_2,15_a1_2
l10_list,l10_16_a1_2,16_a1_2
l10_list,l10_17_a1_2,17_a1_2
l10_list,l10_19_a1_2,19_a1_2
l10_list,l10_1_a1_3,1_a1_3
l10_list,l10_2_a1_3,2_a1_3
l10_list,l10_3_a1_3,3_a1_3
l10_list,l10_4_a1_3,4_a1_3
l10_list,l10_5_a1_3,5_a1_3
l10_list,l10_6_a1_3,6_a1_3
l10_list,l10_7_a1_3,7_a1_3
l10_list,l10_8_a1_3,8_a1_3
l10_list,l10_9_a1_3,9_a1_3
l10_list,l10_10_a1_3,10_a1_3
l10_list,l10_11_a1_3,11_a1_3
l10_list,l10_12_a1_3,12_a1_3
l10_list,l10_13_a1_3,13_a1_3
l10_list,l10_14_a1_3,14_a1_3
l10_list,l10_15_a1_3,15_a1_3
l10_list,l10_16_a1_3,16_a1_3
l10_list,l10_17_a1_3,17_a1_3
l10_list,l10_19_a1_3,19_a1_3
l10_list,l10_1_a1_4,1_a1_4
l10_list,l10_2_a1_4,2_a1_4
l10_list,l10_3_a1_4,3_a1_4
l10_list,l10_4_a1_4,4_a1_4
l10_list,l10_5_a1_4,5_a1_4
l10_list,l10_6_a1_4,6_a1_4
l10_list,l10_7_a1_4,7_a1_4
l10_list,l10_8_a1_4,8_a1_4
l10_list,l10_9_a1_4,9_a1_4
l10_list,l10_10_a1_4,10_a1_4
l10_list,l10_11_a1_4,11_a1_4
l10_list,l10_12_a1_4,12_a1_4
l10_list,l10_13_a1_4,13_a1_4
l10_list,l10_14_a1_4,14_a1_4
l10_list,l10_15_a1_4,15_a1_4
l10_list,l10_16_a1_4,16_a1_4
l10_list,l10_17_a1_4,17_a1_4
l10_list,l10_18_a1_4,18_a1_4
l10_list,l10_19_a1_4,19_a1_4
l10_list,l10_1_a1_5,1_a1_5
l10_list,l10_2_a1_5,2_a1_5
l10_list,l10_3_a1_5,3_a1_5
l10_list,l10_4_a1_5,4_a1_5
l10_list,l10_5_a1_5,5_a1_5
l10_list,l10_6_a1_5,6_a1_5
l10_list,l10_7_a1_5,7_a1_5
l10_list,l10_8_a1_5,8_a1_5
l10_list,l10_9_a1_5,9_a1_5
l10_list,l10_10_a1_5,10_a1_5
l10_list,l10_11_a1_5,11_a1_5
l10_list,l10_12_a1_5,12_a1_5
l10_list,l10_13_a1_5,13_a1_5
l10_list,l10_14_a1_5,14_a1_5
l10_list,l10_15_a1_5,15_a1_5
l10_list,l10_16_a1_5,16_a1_5
l10_list,l10_17_a1_5,17_a1_5
l10_list,l10_19_a1_5,19_a1_5
l11_list,l11_1,1
l11_list,l11_2,2
l11_list,l11_3,3
l11_list,l11_4,4
l11_list,l11_5,5
l11_list,l11_6,6
l11_list,l11_7,7
l11_list,l11_8,8
l11_list,l11_9,9
l12_list,l12_1,1
l12_list,l12_2,2
l12_list,l12_3,3
l12_list,l12_4,4
l12_list,l12_5,5
l12_list,l12_6,6
l12_list,l12_7,7
l12_list,l12_8,8
l12_list,l12_9,9
l12_list,l12_10,10
l12_list,l12_11,11
l12_list,l12_12,12
l12_list,l12_13,13
l12_list,l12_14,14
l12_list,l12_15,15
l13_list,l13_1,1
l13_list,l13_2,2
l13_list,l13_3,3
l16_list,l16_1,1
l16_list,l16_2,2
l16_list,l16_3,3
l16_list,l16_4,4
l16_list,l16_5,5
l16_list,l16_6,6
l16_list,l16_7,7
l16_list,l16_8,8
l16_list,l16_9,9
l16_list,l16_10,10
l16_list,l16_11,11
l16_list,l16_12,12
l16_list,l16_13,13
l16_list,l16_14,14
l16_list,l16_15,15
governorate,YE11,Ibb
governorate,YE12,Abyan
governorate,YE13,Amanat Al Asimah
governorate,YE14,Al Bayda
governorate,YE15,Taizz
governorate,YE16,Al Jawf
governorate,YE17,Hajjah
governorate,YE18,Al Hudaydah
governorate,YE19,Hadramaut
governorate,YE20,Dhamar
governorate,YE21,Shabwah
governorate,YE22,Sa'ada
governorate,YE23,Sana'a
governorate,YE24,Aden
governorate,YE25,Lahj
governorate,YE26,Marib
governorate,YE27,Al Mahwit
governorate,YE28,Al Maharah
governorate,YE29,Amran
governorate,YE30,Al Dhale'e
governorate,YE31,Raymah
governorate,YE32,Socotra
