list_name,name,label::English,
yesno,yes,yes,yes
yesno,no,no,no
gender,yes,male,male
gender,no,female,female
a1_list,a1_1,nondisplaced,nondisplaced
a1_list,a1_2,idps,idps
a1_list,a1_3,returnees,returnees
a1_list,a1_4,refugees,refugees
a1_list,a1_5,migrants,migrants
a7_list,a7_1,from,from
a7_list,a7_2,to,to
b2_list,b2_1_a1_1,yemeni_nondisplaced,yemeni_nondisplaced
b2_list,b2_2_a1_1,djibutian_nondisplaced,djibutian_nondisplaced
b2_list,b2_3_a1_1,somali_nondisplaced,somali_nondisplaced
b2_list,b2_4_a1_1,ethiopian_nondisplaced,ethiopian_nondisplaced
b2_list,b2_5_a1_1,eritrean_nondisplaced,eritrean_nondisplaced
b2_list,b2_6_a1_1,other_nondisplaced,other_nondisplaced
b2_list,b2_1_a1_2,yemeni_idps,yemeni_idps
b2_list,b2_2_a1_2,djibutian_idps,djibutian_idps
b2_list,b2_3_a1_2,somali_idps,somali_idps
b2_list,b2_4_a1_2,ethiopian_idps,ethiopian_idps
b2_list,b2_5_a1_2,eritrean_idps,eritrean_idps
b2_list,b2_6_a1_2,other_idps,other_idps
b2_list,b2_1_a1_3,yemeni_returnees,yemeni_returnees
b2_list,b2_2_a1_3,djibutian_returnees,djibutian_returnees
b2_list,b2_3_a1_3,somali_returnees,somali_returnees
b2_list,b2_4_a1_3,ethiopian_returnees,ethiopian_returnees
b2_list,b2_5_a1_3,eritrean_returnees,eritrean_returnees
b2_list,b2_6_a1_3,other_returnees,other_returnees
b2_list,b2_2_a1_4,djibutian_refugees,djibutian_refugees
b2_list,b2_3_a1_4,somali_refugees,somali_refugees
b2_list,b2_4_a1_4,ethiopian_refugees,ethiopian_refugees
b2_list,b2_5_a1_4,eritrean_refugees,eritrean_refugees
b2_list,b2_6_a1_4,other_refugees,other_refugees
b2_list,b2_2_a1_5,djibutian_nondisplaced,djibutian_nondisplaced
b2_list,b2_3_a1_5,somali_idps,somali_idps
b2_list,b2_4_a1_5,ethiopian_returnees,ethiopian_returnees
b2_list,b2_5_a1_5,eritrean_refugees,eritrean_refugees
b2_list,b2_6_a1_5,other_migrants,other_migrants
b4_list,b4_1,Married,married
b4_list,b4_2,Unmarried,unmarried
b4_list,b4_3,Divorced,divorced
b4_list,b4_4,Widowed,widowed
b4_list,b4_5,I don’t want to answer,i don’t want to answer
b713_list,b713_1,Head ,head 
b713_list,b713_2,Wife/Husband,wife/husband
b713_list,b713_3,Son/Daughter  ,son/daughter  
b713_list,b713_4,Son/Daughter-in law ,son/daughter-in law 
b713_list,b713_5,Grandchild ,grandchild 
b713_list,b713_6,Father/mother  ,father/mother  
b713_list,b713_7,Brother /Sister,brother /sister
b713_list,b713_8,Nephew/ niece  ,nephew/ niece  
b713_list,b713_9,Brother/Sister-in law,brother/sister-in law
b713_list,b713_10,Parent in law ,parent in law 
b713_list,b713_11,Other (specify),other (specify)
b717_list,b717_1,Resident,resident
b717_list,b717_2,IDP,idp
b717_list,b718_1,Yes,yes
b717_list,b718_2,No,no
b719_list,b719_1,Birth certificate ,birth certificate 
b719_list,b719_2,Personal ID card,personal id card
b719_list,b719_3,Passport,passport
b719_list,b719_4,Does not have any documents,does not have any documents
b719_list,b719_5,I don’t know,i don’t know
b7110_list,b7110_1,Married,married
b7110_list,b7110_2,Un married  ,un married  
b7110_list,b7110_3,Widow,widow
b7110_list,b7110_4,Divorced,divorced
b7112_list,b7112_1,Currently enrolled,currently enrolled
b7112_list,b7112_2,Had previously enrolled,had previously enrolled
b7112_list,b7112_3,Never enrolled,never enrolled
b7113_list,b7113_1,School doesn’t exist,school doesn’t exist
b7113_list,b7113_2,Financial issues,financial issues
b7113_list,b7113_3,Young age,young age
b7113_list,b7113_4,Person with special needs,person with special needs
b7113_list,b7113_5,Family’s unwillingness of education,family’s unwillingness of education
b7113_list,b7113_6,Lack of male and female teachers,lack of male and female teachers
b7113_list,b7113_7,Difficulty of school access,difficulty of school access
b7113_list,b7113_8,Individual’s unwillingness to learn,individual’s unwillingness to learn
b7113_list,b7113_9,War conditions ,war conditions 
b7113_list,b7113_10,She/he work to support the HH,she/he work to support the hh
b7113_list,b7113_11,"Other, specify","other, specify"
b7114_list,b7114_1,Illiterate,illiterate
b7114_list,b7114_2,Reads and writes,reads and writes
b7114_list,b7114_3,Pre-school,pre-school
b7114_list,b7114_4,Primary education,primary education
b7114_list,b7114_5,Secondary education,secondary education
b7114_list,b7114_6,Diploma after middle school,diploma after middle school
b7114_list,b7114_7,Diploma after Secondary education,diploma after secondary education
b7114_list,b7114_8,Bachelor’s degree,bachelor’s degree
b7114_list,b7114_9,Masters,masters
b7114_list,b7114_10,PhD,phd
b7114_list,b7114_11,"Informal education: literacy, adult education, etc","informal education: literacy, adult education, etc"
b7115_list,b7115_1,"Yes, regularly","yes, regularly"
b7115_list,b7115_2,"Yes, occasionally ","yes, occasionally "
b7115_list,b7115_3,No,no
b7116_list,b7116_1,Agriculture,agriculture
b7116_list,b7116_2,Fishing,fishing
b7116_list,b7116_3,Industry,industry
b7116_list,b7116_4,Construction,construction
b7116_list,b7116_5,Trade,trade
b7116_list,b7116_6,Hotels and restaurants,hotels and restaurants
b7116_list,b7116_7,Transport and storage ,transport and storage 
b7116_list,b7116_8,Telecommunication,telecommunication
b7116_list,b7116_9,Banks and banking services ,banks and banking services 
b7116_list,b7116_10,Security,security
b7116_list,b7116_11,Education,education
b7116_list,b7116_12,Health,health
b7116_list,b7116_13,"Other, please specify ","other, please specify "
b72_list,b72_1,No difficulty,no difficulty
b72_list,b72_2,Some difficulty,some difficulty
b72_list,b72_3,A lot of difficulty,a lot of difficulty
b72_list,b72_4,Cannot do at all,cannot do at all
c1_list,c1_1,Once,once
c1_list,c1_2,Twice,twice
c1_list,c1_3,Three times,three times
c1_list,c1_4,More than three times,more than three times
c1_list,c1_5,I do not want to answer,i do not want to answer
c1_list,c1_6,I do not know,i do not know
c3_list,c3_1,Al Ara                               ,al ara                               
c3_list,c3_2,Al Khabia,al khabia
c3_list,c3_3,Bier Ali                             ,bier ali                             
c3_list,c3_4,Ain Bamabad,ain bamabad
c3_list,c3_5,Manfath Al wadee3a,manfath al wadee3a
c3_list,c3_6,Tajammou3 Sharj Al fellaheen,tajammou3 sharj al fellaheen
c3_list,c3_7,"Other, specify ","other, specify "
c4_list,c4_1,Once,once
c4_list,c4_2,Twice,twice
c4_list,c4_3,Three times,three times
c4_list,c4_4,More than three times,more than three times
c4_list,c4_5,I do not want to answer,i do not want to answer
c4_list,c4_6,I do not know,i do not know
c6_list,c6_1,"Direct threat of violence/harm to household members, but no physical attack","direct threat of violence/harm to household members, but no physical attack"
c6_list,c6_2,Direct violations against HH members due to armed conflict,direct violations against hh members due to armed conflict
c6_list,c6_3,Direct threat of abuse committed against self or family,direct threat of abuse committed against self or family
c6_list,c6_4,House/property damaged or destroyed due to violence and armed conflict,house/property damaged or destroyed due to violence and armed conflict
c6_list,c6_5,Evacuated/displaced/relocated by authorities for protection             ,evacuated/displaced/relocated by authorities for protection             
c6_list,c6_6,Evicted from property          ,evicted from property          
c6_list,c6_7,Lack of access to basic services (education or health care),lack of access to basic services (education or health care)
c6_list,c6_8,"Lack of access to basic commodities (food, water, fuel)   ","lack of access to basic commodities (food, water, fuel)   "
c6_list,c6_9,Lack of employment/livelihood options                      ,lack of employment/livelihood options                      
c6_list,c6_10,Natural disaster (e.g. flooding),natural disaster (e.g. flooding)
c6_list,c6_11,I don’t know,i don’t know
c6_list,c6_12,I don’t want to answer,i don’t want to answer
c7_list,c7_1,Arrest,arrest
c7_list,c7_2,Detention,detention
c7_list,c7_3,Harassment,harassment
c7_list,c7_4,Confiscation of ID,confiscation of id
c7_list,c7_5,Confiscation of assets,confiscation of assets
c7_list,c7_6,Asked for bribery to avoid arrest/detention,asked for bribery to avoid arrest/detention
c7_list,c7_7,Movement restriction,movement restriction
c7_list,c7_8,Deportation,deportation
c7_list,c7_9,None,none
c7_list,c7_10,I don’t know,i don’t know
c7_list,c7_11,I don’t want to answer,i don’t want to answer
c8_list,c8_1_a1_1,assistance_nondisplaced,assistance_nondisplaced
c8_list,c8_2_a1_1,accomodation_nondisplaced,accomodation_nondisplaced
c8_list,c8_3_a1_1,basic_services_nondisplaced,basic_services_nondisplaced
c8_list,c8_4_a1_1,livelihoods_nondisplaced,livelihoods_nondisplaced
c8_list,c8_5_a1_1,secuirty_nondisplaced,secuirty_nondisplaced
c8_list,c8_6_a1_1,family_nondisplaced,family_nondisplaced
c8_list,c8_8_a1_2,dnk_nondisplaced,dnk_nondisplaced
c8_list,c8_9_a1_2,refuse_nondisplaced,refuse_nondisplaced
c8_list,c8_1_a1_2,assistance_idps,assistance_idps
c8_list,c8_2_a1_2,accomodation_idps,accomodation_idps
c8_list,c8_3_a1_2,basic_services_idps,basic_services_idps
c8_list,c8_4_a1_2,livelihoods_idps,livelihoods_idps
c8_list,c8_5_a1_2,secuirty_idps,secuirty_idps
c8_list,c8_6_a1_2,family_idps,family_idps
c8_list,c8_7_a1_2,transit_idps,transit_idps
c8_list,c8_8_a1_2,dnk_idps,dnk_idps
c8_list,c8_9_a1_2,refuse_idps,refuse_idps
c8_list,c8_1_a1_3,assistance_returnees,assistance_returnees
c8_list,c8_2_a1_3,accomodation_returnees,accomodation_returnees
c8_list,c8_3_a1_3,basic_services_returnees,basic_services_returnees
c8_list,c8_4_a1_3,livelihoods_returnees,livelihoods_returnees
c8_list,c8_5_a1_3,secuirty_returnees,secuirty_returnees
c8_list,c8_6_a1_3,family_returnees,family_returnees
c8_list,c8_8_a1_3,dnk_returnees,dnk_returnees
c8_list,c8_9_a1_3,refuse_returnees,refuse_returnees
c8_list,c8_1_a1_4,assistance_refugees,assistance_refugees
c8_list,c8_2_a1_4,accomodation_refugees,accomodation_refugees
c8_list,c8_3_a1_4,basic_services_refugees,basic_services_refugees
c8_list,c8_4_a1_4,livelihoods_refugees,livelihoods_refugees
c8_list,c8_5_a1_4,secuirty_refugees,secuirty_refugees
c8_list,c8_6_a1_4,family_refugees,family_refugees
c8_list,c8_7_a1_4,transit_refugees,transit_refugees
c8_list,c8_8_a1_4,dnk_refugees,dnk_refugees
c8_list,c8_9_a1_4,refuse_refugees,refuse_refugees
c8_list,c8_1_a1_5,assistance_nondisplaced,assistance_nondisplaced
c8_list,c8_2_a1_5,accomodation_nondisplaced,accomodation_nondisplaced
c8_list,c8_3_a1_5,basic_services_nondisplaced,basic_services_nondisplaced
c8_list,c8_4_a1_5,livelihoods_nondisplaced,livelihoods_nondisplaced
c8_list,c8_5_a1_5,secuirty_nondisplaced,secuirty_nondisplaced
c8_list,c8_6_a1_5,family_nondisplaced,family_nondisplaced
c8_list,c8_8_a1_5,transit_nondisplaced,transit_nondisplaced
c8_list,c8_9_a1_5,dnk_nondisplaced,dnk_nondisplaced
c8_list,c8_9_a1_5,refuse_nondisplaced,refuse_nondisplaced
c9_10_list,c9_10_1,"Remain here, voluntarily","remain here, voluntarily"
c9_10_list,c9_10_2,"Remain here, involuntarily (there is no alternative)","remain here, involuntarily (there is no alternative)"
c9_10_list,c9_10_3,Move to another location within Yemen,move to another location within yemen
c9_10_list,c9_10_4,Return to your place of origin,return to your place of origin
c9_10_list,c9_10_5,Move to another country (for migrants and refugees),move to another country (for migrants and refugees)
c9_10_list,c9_10_6,Depends on situation,depends on situation
c9_10_list,c9_10_7,I don’t know,i don’t know
c9_10_list,c9_10_8,I don’t want to answer,i don’t want to answer
d1_list,d1_1,Food,food
d1_list,d1_2,Drinking water,drinking water
d1_list,d1_3,Sanitation (e.g. latrines),sanitation (e.g. latrines)
d1_list,d1_4,Hygiene items (e.g. soap),hygiene items (e.g. soap)
d1_list,d1_5,Healthcare/medication,healthcare/medication
d1_list,d1_6,Livelihoods / job opportunities,livelihoods / job opportunities
d1_list,d1_7,Cash assistance,cash assistance
d1_list,d1_8,Winterization Cash Grant,winterization cash grant
d1_list,d1_9,Education for children,education for children
d1_list,d1_10,Education for adults,education for adults
d1_list,d1_11,Shelter/housing / cash grants to rehabilitate damaged houses / maintenance support,shelter/housing / cash grants to rehabilitate damaged houses / maintenance support
d1_list,d1_12,"Household NFIs (mattresses, blankets, mosquito nets, etc)","household nfis (mattresses, blankets, mosquito nets, etc)"
d1_list,d1_13,Cooking stove and fuel,cooking stove and fuel
d1_list,d1_14,Emergency Shelter Kit,emergency shelter kit
d1_list,d1_15,"Protection support services (legal assistance, psychological support, protection of children, protection against violence)","protection support services (legal assistance, psychological support, protection of children, protection against violence)"
d1_list,d1_16,Documentation,documentation
d1_list,d1_17,Safe and dignified return to country of origin (only for refugee and migrants),safe and dignified return to country of origin (only for refugee and migrants)
d1_list,d1_18,I don’t know,i don’t know
d1_list,d1_19,I don’t want to answer,i don’t want to answer
d2_list,d2_1,"Any member of the HH own electronic gadget (radio, phone, TV)","any member of the hh own electronic gadget (radio, phone, tv)"
d2_list,d2_2,"Any member of the HH has a functional means of transport (motorcycle, car, bicycle)","any member of the hh has a functional means of transport (motorcycle, car, bicycle)"
d2_list,d2_3,At least one member of the HH has vocational / apprenticeship / professional skills,at least one member of the hh has vocational / apprenticeship / professional skills
d2_list,d2_4,"At least one member of the HH has formal employment, is self-employed or has a business","at least one member of the hh has formal employment, is self-employed or has a business"
d2_list,d2_5,At least one member of the HH has access to savings,at least one member of the hh has access to savings
d2_list,d2_6,HH has access to land for agriculture,hh has access to land for agriculture
d2_list,d2_7,None of the above statements apply to the household,none of the above statements apply to the household
e12_list,e12_1,No shelter (Not residing inside a site and/or housing structure),no shelter (not residing inside a site and/or housing structure)
e12_list,e12_2,"Makeshift shelter – typically built from waste and temporary materials (tarpaulins, cardboard, blankets, metal sheeting, tarps, etc.);","makeshift shelter – typically built from waste and temporary materials (tarpaulins, cardboard, blankets, metal sheeting, tarps, etc.);"
e12_list,e12_3,Emergency shelter – a portable shelter with a cover and a structure;,emergency shelter – a portable shelter with a cover and a structure;
e12_list,e12_4,House or apartment,house or apartment
e12_list,e12_5,"Public building (school, station, religious buildings, etc.)","public building (school, station, religious buildings, etc.)"
e12_list,e12_6,Hotel,hotel
e12_list,e12_7,Transitional shelter,transitional shelter
e13_list,e13_1,"Finished building – a building which is completed (with walls and roof) and composite of all building components (windows, doors, plumbing, etc.)","finished building – a building which is completed (with walls and roof) and composite of all building components (windows, doors, plumbing, etc.)"
e13_list,e13_2,"Unfinished building – a building which has more than its frame, but is still missing elements (i.e. doors, windows, lighting, plumbing, walls, etc.);","unfinished building – a building which has more than its frame, but is still missing elements (i.e. doors, windows, lighting, plumbing, walls, etc.);"
e13_list,e13_3,"Skeleton – a building which has a solid frame (concrete, steel, etc.) but no other elements;","skeleton – a building which has a solid frame (concrete, steel, etc.) but no other elements;"
e14_list,e14_1,Fully destroyed (Housing unit is totally in rubble or where at least 50% of the structure of the shelter has incurred severe damage and cannot be repaired),fully destroyed (housing unit is totally in rubble or where at least 50% of the structure of the shelter has incurred severe damage and cannot be repaired)
e14_list,e14_2,Partial damage (Housing unit where the skeleton incurred damages but part of the shelter is still livable and can be repaired),partial damage (housing unit where the skeleton incurred damages but part of the shelter is still livable and can be repaired)
e14_list,e14_3,Minor damage (Housing unit incurred small damages while the house is still adequate for living i.e. bullet hole in the wall or broken window),minor damage (housing unit incurred small damages while the house is still adequate for living i.e. bullet hole in the wall or broken window)
e14_list,e14_4,No damage to the shelter,no damage to the shelter
e2_list,e2_1,"Yes, we live in rental accommodation and capable of making the payment","yes, we live in rental accommodation and capable of making the payment"
e2_list,e2_2,"Yes, but barely","yes, but barely"
e2_list,e2_3,"No, because we are not able to make the rental payment","no, because we are not able to make the rental payment"
e2_list,e2_4,"No, we own the shelter","no, we own the shelter"
e2_list,e2_5,"No, but we work in exchange for shelter","no, but we work in exchange for shelter"
e2_list,e2_6,I don’t know,i don’t know
e2_list,e2_7,I don’t want to answer,i don’t want to answer
e3_list,e3_1,Yes,yes
e3_list,e3_2,No,no
e3_list,e3_3,I don’t know,i don’t know
e3_list,e3_4,I don’t want to answer,i don’t want to answer
e4_list,e4_1,"Access to functional kitchen (all basic equipment required for cooking is available such as kitchen set, cooking stove and fuel)","access to functional kitchen (all basic equipment required for cooking is available such as kitchen set, cooking stove and fuel)"
e4_list,e4_2,"Access to functional toilet (availability of functional toilet, with doors, locks, water, disposal facilities and hygiene items)","access to functional toilet (availability of functional toilet, with doors, locks, water, disposal facilities and hygiene items)"
e4_list,e4_3,Access to adequate water (access to clean and fresh water for drinking or bathing provided in a suitable manner and in sufficient volume),access to adequate water (access to clean and fresh water for drinking or bathing provided in a suitable manner and in sufficient volume)
e4_list,e4_4,Appropriate lighting,appropriate lighting
e4_list,e4_5,Adequate floor space,adequate floor space
e4_list,e4_6,Adequate number or rooms,adequate number or rooms
e4_list,e4_7,Adequate protection against climatic factors,adequate protection against climatic factors
e4_list,e4_8,None,none
e5_list,e5_1,"External/infrastructure damage (walls, windows, ceiling, etc.)","external/infrastructure damage (walls, windows, ceiling, etc.)"
e5_list,e5_2,"Internal damage (lighting, furniture, etc.)","internal damage (lighting, furniture, etc.)"
e5_list,e5_3,"No, there is no damage to our shelter/household","no, there is no damage to our shelter/household"
e6_list,e6_1,"Yes, our household has access to available and affordable materials and maintenance items in the market to repair the damage","yes, our household has access to available and affordable materials and maintenance items in the market to repair the damage"
e6_list,e6_2,"No, our household has access to available materials in the market but cannot afford them in order to repair the damage","no, our household has access to available materials in the market but cannot afford them in order to repair the damage"
e6_list,e6_3,"No, our household has no access to materials to repair the damage because they are not available in the market","no, our household has no access to materials to repair the damage because they are not available in the market"
e6_list,e6_4,"No, our household has access to available and affordable materials in the market but no capacity to repair the damage","no, our household has access to available and affordable materials in the market but no capacity to repair the damage"
e6_list,e6_5,"No, our household has neither access to available nor affordable materials to repair the damage","no, our household has neither access to available nor affordable materials to repair the damage"
e6_list,e6_6,I do not know,i do not know
e7_list,e7_1_a1_2,damange_idp,damange_idp
e7_list,e7_2_a1_2,looting_idp,looting_idp
e7_list,e7_3_a1_2,occupied_idp,occupied_idp
e7_list,e7_4_a1_2,dispute_idp,dispute_idp
e7_list,e7_5_a1_2,rental_idp,rental_idp
e7_list,e7_6_a1_2,documents_idp,documents_idp
e7_list,e7_7_a1_2,noaccess_idp,noaccess_idp
e7_list,e7_8_a1_2,eviction_idp,eviction_idp
e7_list,e7_9_a1_2,dnk_idp,dnk_idp
e7_list,e7_10_a1_2,refuse_idp,refuse_idp
e7_list,e7_11_a1_2,none_idp,none_idp
e8_list,e8_1,"Yes, they are both available and affordable","yes, they are both available and affordable"
e8_list,e8_2,"Yes, they are available but not affordable","yes, they are available but not affordable"
e8_list,e8_3,"Yes, they are affordable but not always available","yes, they are affordable but not always available"
e8_list,e8_4,"No, they are not affordable not available in the local market","no, they are not affordable not available in the local market"
e9_list,e9_1_a1_2,yes_directly_idps,yes_directly_idps
e9_list,e9_2_a1_2,yes_representation_idps,yes_representation_idps
e9_list,e9_3_a1_2,no_idps,no_idps
e10_list,e10_1_a1_2,local_integration_idps,local_integration_idps
e10_list,e10_2_a1_2,resettlement_idps,resettlement_idps
e10_list,e10_3_a1_2,assisted_return_idps,assisted_return_idps
e10_list,e10_4_a1_2,voluntary_idps,voluntary_idps
e10_list,e10_5_a1_2,voluntary_humanitarian_idps,voluntary_humanitarian_idps
e10_list,e10_6_a1_2,none_idps,none_idps
e10_list,e10_7_a1_2,dnk_idps,dnk_idps
e10_list,e10_8_a1_2,refuse_idps,refuse_idps
e10_list,e10_1_a1_4,local_integration_refugees,local_integration_refugees
e10_list,e10_2_a1_4,resettlement_refugees,resettlement_refugees
e10_list,e10_3_a1_4,assisted_return_refugees,assisted_return_refugees
e10_list,e10_4_a1_4,voluntary_refugees,voluntary_refugees
e10_list,e10_5_a1_4,voluntary_humanitarian_refugees,voluntary_humanitarian_refugees
e10_list,e10_6_a1_4,none_refugees,none_refugees
e10_list,e10_7_a1_4,dnk_refugees,dnk_refugees
e10_list,e10_8_a1_4,refuse_refugees,refuse_refugees
e10_list,e10_1_a1_5,local_integration_migrants,local_integration_migrants
e10_list,e10_2_a1_5,resettlement_migrants,resettlement_migrants
e10_list,e10_3_a1_5,assisted_return_migrants,assisted_return_migrants
e10_list,e10_4_a1_5,voluntary_migrants,voluntary_migrants
e10_list,e10_5_a1_5,voluntary_humanitarian_migrants,voluntary_humanitarian_migrants
e10_list,e10_6_a1_5,none_migrants,none_migrants
e10_list,e10_7_a1_5,dnk_migrants,dnk_migrants
e10_list,e10_8_a1_5,refuse_migrants,refuse_migrants
f11_list,f11_1,Borehole,borehole
f11_list,f11_2,Protected well,protected well
f11_list,f11_3,Unprotected well,unprotected well
f11_list,f11_4,Protected rainwater tank,protected rainwater tank
f11_list,f11_5,Unprotected rainwater tank,unprotected rainwater tank
f11_list,f11_6,Bottled water,bottled water
f11_list,f11_7,Protected spring,protected spring
f11_list,f11_8,Unprotected spring,unprotected spring
f11_list,f11_9,"Surface water (river, dam, lake, pond, stream, or canal)","surface water (river, dam, lake, pond, stream, or canal)"
f11_list,f11_10,Water trucks,water trucks
f11_list,f11_11,Other: please specify (……………………………...),other: please specify (……………………………...)
f12_list,f12_1,Piped water into the house,piped water into the house
f12_list,f12_2,Piped water connected to public tap,piped water connected to public tap
f12_list,f12_3,Illegal connection to piped network,illegal connection to piped network
f12_list,f12_4,Water trucks,water trucks
f12_list,f12_5,HH members carry water into the house,hh members carry water into the house
f12_list,f12_6,HH members use animals such as donkeys to bring water into the house,hh members use animals such as donkeys to bring water into the house
f12_list,f12_7,Other: please specify (……………………………,other: please specify (……………………………
f13_list,f13_1,Water source is located at the property,water source is located at the property
f13_list,f13_2,Less than 30 minutes,less than 30 minutes
f13_list,f13_3,Between 30 min and 1 hour,between 30 min and 1 hour
f13_list,f13_4,Between 1 and 2 hours,between 1 and 2 hours
f13_list,f13_5,More than 2 hours,more than 2 hours
f13_list,f13_6,I do not know,i do not know
f14_list,f14_1,"Yes, boil the water","yes, boil the water"
f14_list,f14_2,"Yes, use chlorine tablets, powder or liquid","yes, use chlorine tablets, powder or liquid"
f14_list,f14_3,"Yes, use a Filter","yes, use a filter"
f14_list,f14_4,"No, there is no need as the water is clean","no, there is no need as the water is clean"
f14_list,f14_5,"No, we don’t have materials for water purification/treatment","no, we don’t have materials for water purification/treatment"
f14_list,f14_6,"No, we don’t know any treatment methods","no, we don’t know any treatment methods"
f17_list,f15_1,Plastic tank,plastic tank
f17_list,f15_2,Metal tank,metal tank
f17_list,f15_3,underground tank,underground tank
f17_list,f15_4,Jerry cans,jerry cans
f17_list,f15_5,Buckets,buckets
f17_list,f15_6,No containers,no containers
f17_list,f15_7,"Others, specify","others, specify"
f19_list,f19_1,Containers are clean and sealed/ covered,containers are clean and sealed/ covered
f19_list,f19_2,Containers are clean but NOT sealed/ covered,containers are clean but not sealed/ covered
f19_list,f19_3,Containers are dirty but sealed/ covered,containers are dirty but sealed/ covered
f19_list,f19_4,"Containers are dirty, but NOT sealed/ covered","containers are dirty, but not sealed/ covered"
f19_list,f19_5,No containers present,no containers present
f110_list,f110_1,Water is not clean,water is not clean
f110_list,f110_2,Distance too far,distance too far
f110_list,f110_3,Water is not enough,water is not enough
f110_list,f110_4,Prices are too high,prices are too high
f110_list,f110_5,No problems,no problems
f110_list,f110_6,"Other, specify","other, specify"
f22_list,f22_1,Soap only,soap only
f22_list,f22_2,Water only,water only
f22_list,f22_3,Both soap and water,both soap and water
f22_list,f22_4,No water and soap,no water and soap
f23_list,f23_1,Bar of soap,bar of soap
f23_list,f23_2,Plastic jerry can/bucket,plastic jerry can/bucket
f23_list,f23_3,Sanitary pads,sanitary pads
f23_list,f23_4,Baby diapers,baby diapers
f23_list,f23_5,Washing powder,washing powder
f23_list,f23_6,Toothpaste,toothpaste
f23_list,f23_7,Toothbrush/Miswak,toothbrush/miswak
f23_list,f23_8,Shampoo,shampoo
f23_list,f23_9,Water treatment/purification tablets,water treatment/purification tablets
f23_list,f23_10,None,none
f24_list,f24_1,When hands are dirty,when hands are dirty
f24_list,f24_2,When performing ablution,when performing ablution
f24_list,f24_3,Before eating,before eating
f24_list,f24_4,After eating,after eating
f24_list,f24_5,After disposing of baby’s diapers,after disposing of baby’s diapers
f24_list,f24_6,Before feeding a baby,before feeding a baby
f24_list,f24_7,After defecating,after defecating
f24_list,f24_8,Before preparing food,before preparing food
f24_list,f24_9,We never wash our hands,we never wash our hands
f25_list,f25_1,Garbage is left on the street by household and collected through public system,garbage is left on the street by household and collected through public system
f25_list,f25_2,Garbage is left in containers on the street by household and collected through public system,garbage is left in containers on the street by household and collected through public system
f25_list,f25_3,Garbage is left in piles in public areas and is not collected,garbage is left in piles in public areas and is not collected
f25_list,f25_4,Garbage is buried or burned,garbage is buried or burned
f26_list,f26_1,Once a week,once a week
f26_list,f26_2,More than once a week,more than once a week
f26_list,f26_3,Once every 2 weeks,once every 2 weeks
f26_list,f26_4,Once every month,once every month
f26_list,f26_5,Never collected,never collected
f311_list,f311_1,Flush latrine to the open,flush latrine to the open
f311_list,f311_2,Flush latrine to a tank/sewer system/pit,flush latrine to a tank/sewer system/pit
f311_list,f311_3,Dry latrine,dry latrine
f311_list,f311_4,Pit latrine-covered/with slab,pit latrine-covered/with slab
f311_list,f311_5,Pit latrine-open/without slab,pit latrine-open/without slab
f311_list,f311_6,In the open,in the open
f312_list,f312_1,Not functional and dirty,not functional and dirty
f312_list,f312_2,Functional but dirty,functional but dirty
f312_list,f312_3,Clean and functional,clean and functional
f32_list,f32_1,"Yes, all members had access","yes, all members had access"
f32_list,f32_2,Some members had access,some members had access
f32_list,f32_3,No,no
f33_list,f33_1,There is not enough facilities/too crowded,there is not enough facilities/too crowded
f33_list,f33_2,Absence/insufficiency of water,absence/insufficiency of water
f33_list,f33_3,Latrines are unclean/unhygienic,latrines are unclean/unhygienic
f33_list,f33_4,Lack of privacy/no separation between men and women,lack of privacy/no separation between men and women
f33_list,f33_5,"It is not safe (no door, no lock, etc)","it is not safe (no door, no lock, etc)"
f33_list,f33_6,Cess pit is full,cess pit is full
f33_list,f33_7,Pipes are blocked,pipes are blocked
f33_list,f33_8,Connection to sewage blocked,connection to sewage blocked
f33_list,f33_9,Structure is damaged,structure is damaged
f33_list,f33_10,Others (specify): ……...,others (specify): ……...
f34_list,f34_1,"Yes, once or twice","yes, once or twice"
f34_list,f34_2,"Yes, three – five times","yes, three – five times"
f34_list,f34_3,"Yes, there is always visible wastewater in the vicinity of the household","yes, there is always visible wastewater in the vicinity of the household"
f34_list,f34_4,No,no
f35_list,f35_1,Flooding occurs very frequently (at least once a year) and damage is always observed,flooding occurs very frequently (at least once a year) and damage is always observed
f35_list,f35_2,Flooding occurs frequently (3-5 times in the last 5 years) and significant damage is observed,flooding occurs frequently (3-5 times in the last 5 years) and significant damage is observed
f35_list,f35_3,Flooding occurs frequently (3-5 times in the last 5 years) and some damage is observed,flooding occurs frequently (3-5 times in the last 5 years) and some damage is observed
f35_list,f35_4,Flooding occurs sometimes (1-2 times in the last 5 years) and damage is always observed,flooding occurs sometimes (1-2 times in the last 5 years) and damage is always observed
f35_list,f35_5,Flooding occurs sometimes (1-2 times in the last 5 years) and no damage is observed,flooding occurs sometimes (1-2 times in the last 5 years) and no damage is observed
f35_list,f35_6,Almost never,almost never
f35_list,f35_7,Never,never
g1_list,g1_1,Yes,yes
g1_list,g1_2,No,no
g1_list,g1_3,I don’t know,i don’t know
g1_list,g1_4,I don’t want to answer,i don’t want to answer
g21_list,g21_1,Educational staff salaries are not paid,educational staff salaries are not paid
g21_list,g21_2,Schools are closed,schools are closed
g21_list,g21_3,Books are not available,books are not available
g21_list,g21_4,Teachers are not available regularly in schools,teachers are not available regularly in schools
g21_list,g21_5,Lack of qualified staff/teachers,lack of qualified staff/teachers
g21_list,g21_6,Lack of seats in school,lack of seats in school
g21_list,g21_7,Lack of school supplies,lack of school supplies
g21_list,g21_8,Lack of electricity,lack of electricity
g21_list,g21_9,Schools are damaged,schools are damaged
g21_list,g21_10,Classrooms are crowded,classrooms are crowded
g21_list,g21_11,School is distant,school is distant
g21_list,g21_12,"Lack of documentation for enrolment (previous study certificates, birth certificate, etc)","lack of documentation for enrolment (previous study certificates, birth certificate, etc)"
g21_list,g21_13,Lack of female teacher,lack of female teacher
g21_list,g21_14,"Other, please specify","other, please specify"
g21_list,g21_15,I don’t know,i don’t know
g21_list,g21_16,I don’t want to answer,i don’t want to answer
g22_list,g22_1,Households cannot afford educational expenses,households cannot afford educational expenses
g22_list,g22_2,High cost of transportation for children and teachers,high cost of transportation for children and teachers
g22_list,g22_3,Children leave schools for work to support their families,children leave schools for work to support their families
g22_list,g22_4,"Other, please specify","other, please specify"
g22_list,g22_5,I don’t know,i don’t know
g22_list,g22_6,I don’t want to answer,i don’t want to answer
g23_list,g23_1,Sickness,sickness
g23_list,g23_2,Having special needs,having special needs
g23_list,g23_3,Both sickness and having special needs,both sickness and having special needs
g23_list,g23_4,School meals are not provided for children and teachers,school meals are not provided for children and teachers
g23_list,g23_5,"Lack of water, sanitation and drinking facilities","lack of water, sanitation and drinking facilities"
g23_list,g23_6,Lack of facilities for persons with special needs,lack of facilities for persons with special needs
g23_list,g23_7,Increase of psychological issues for children and teachers,increase of psychological issues for children and teachers
g23_list,g23_8,"Other, please specify","other, please specify"
g23_list,g23_9,I don’t know,i don’t know
g23_list,g23_10,I don’t want to answer,i don’t want to answer
g24_list,g24_1,Lack of safety and security,lack of safety and security
g24_list,g24_2,Lack of gendered facilities,lack of gendered facilities
g24_list,g24_3,Custom and traditions,custom and traditions
g24_list,g24_4,Early marriage (at school age),early marriage (at school age)
g24_list,g24_5,"Other, please specify","other, please specify"
g24_list,g24_6,I don’t know,i don’t know
g24_list,g24_7,I don’t want to answer,i don’t want to answer
g3_list,g3_1_a1_1,Paying salaries for teachers_non_displaced,paying salaries for teachers_non_displaced
g3_list,g3_2_a1_1,Providing incentives for teachers_non_displaced,providing incentives for teachers_non_displaced
g3_list,g3_3_a1_1,"Providing educational materials (books, subjects)_non_displaced","providing educational materials (books, subjects)_non_displaced"
g3_list,g3_4_a1_1,Providing school seats_non_displaced,providing school seats_non_displaced
g3_list,g3_5_a1_1,Providing school supplies_non_displaced,providing school supplies_non_displaced
g3_list,g3_6_a1_1,Providing integrated school bags_non_displaced,providing integrated school bags_non_displaced
g3_list,g3_7_a1_1,Providing electricity_non_displaced,providing electricity_non_displaced
g3_list,g3_8_a1_1,Restoring and maintaining schools_non_displaced,restoring and maintaining schools_non_displaced
g3_list,g3_9_a1_1,Building classrooms_non_displaced,building classrooms_non_displaced
g3_list,g3_10,Standardized tests,standardized tests
g3_list,g3_11,Providing school meals for teachers and children,providing school meals for teachers and children
g3_list,g3_12,Providing clean drinking water,providing clean drinking water
g3_list,g3_13,Providing suitable gendered health facilities,providing suitable gendered health facilities
g3_list,g3_14,Providing suitable facilities for persons with special needs,providing suitable facilities for persons with special needs
g3_list,g3_15,Treatment for psychological and educational issues of children,treatment for psychological and educational issues of children
g3_list,g3_16,Ensuring safety and security of children and teachers,ensuring safety and security of children and teachers
g3_list,g3_17_a1_1,Cooperation with community to get children back/into school_non_displaced,cooperation with community to get children back/into school_non_displaced
g3_list,g3_18_a1_1,Providing parent council_non_displaced,providing parent council_non_displaced
g3_list,g3_19_a1_1,Early childhood support/development_non_displaced,early childhood support/development_non_displaced
g3_list,g3_20_a1_1,Providing qualitied teachers_non_displaced,providing qualitied teachers_non_displaced
g3_list,g3_21_a1_1,Providing and supporting female teachers from rural areas_non_displaced,providing and supporting female teachers from rural areas_non_displaced
g3_list,g3_22_a1_1,"Other, please specify_non_displaced","other, please specify_non_displaced"
g3_list,g3_23,I don’t know,i don’t know
g3_list,g3_24_a1_1,I don’t want to answer_non_displaced,i don’t want to answer_non_displaced
g4_list,g4_1,"Yes, all of them","yes, all of them"
g4_list,g4_2,Some of them attend a lower grade,some of them attend a lower grade
g4_list,g4_3,Some of them attend a higher grade,some of them attend a higher grade
g4_list,g4_4,"No, none of them","no, none of them"
g4_list,g4_5,I don’t know,i don’t know
g4_list,g4_6,I do not want to answer,i do not want to answer
g5_list,g5_1,"Yes, very satisfied","yes, very satisfied"
g5_list,g5_2,"Yes, partially satisfied","yes, partially satisfied"
g5_list,g5_3,"No, not satisfied","no, not satisfied"
g5_list,g5_4,I do not know,i do not know
g5_list,g5_5,I do not want to answer,i do not want to answer
g6_list,g6_1,Lack of schoolbooks,lack of schoolbooks
g6_list,g6_2,Teachers not regularly present in the classroom,teachers not regularly present in the classroom
g6_list,g6_3,"Lack of equipment, supplies and textbooks","lack of equipment, supplies and textbooks"
g6_list,g6_4,Classrooms not suitable for learning,classrooms not suitable for learning
g6_list,g6_5,WASH facilities not available,wash facilities not available
g7_list,g6_6,"Other, please specify","other, please specify"
g7_list,g6_7,I do not know,i do not know
g7_list,g6_8,I do not want to answer,i do not want to answer
h1_list,h1_1,Yes,yes
h1_list,h1_2,No,no
h1_list,h1_3,I don’t know,i don’t know
h1_list,h1_4,I don’t want to answer,i don’t want to answer
h2_list,h2_1,Measles,measles
h2_list,h2_2,Tuberculosis (TB),tuberculosis (tb)
h2_list,h2_3,Acute respiratory infection*,acute respiratory infection*
h2_list,h2_4,Diarrheal disease*,diarrheal disease*
h2_list,h2_5,Polio (AFP),polio (afp)
h2_list,h2_6,Epilepsy,epilepsy
h2_list,h2_7,Asthma,asthma
h2_list,h2_8,Malaria,malaria
h2_list,h2_9,Pertussis / whooping cough,pertussis / whooping cough
h2_list,h2_10,Diphtheria,diphtheria
h2_list,h2_11,Hepatitis,hepatitis
h2_list,h2_12,Hypertension,hypertension
h2_list,h2_13,Diabetes,diabetes
h2_list,h2_14,Kidney disease,kidney disease
h2_list,h2_15,Cancer / malignancies,cancer / malignancies
h2_list,h2_16,Mental illness,mental illness
h2_list,h2_17,Typhoid,typhoid
h2_list,h2_18,Burns,burns
h2_list,h2_19,Skin disease (including scabies),skin disease (including scabies)
h2_list,h2_20,Malnutrition,malnutrition
h2_list,h2_21,Injuries,injuries
h2_list,h2_22,"Physical disabilities (amputees, contractures, limited sight/hearing)","physical disabilities (amputees, contractures, limited sight/hearing)"
h2_list,h2_23,"Complications in pregnancy, childbirth, or post-partum","complications in pregnancy, childbirth, or post-partum"
h2_list,h2_24,Other specify,other specify
h2_list,h2_25,I don’t know,i don’t know
h2_list,h2_26,I don’t want to answer,i don’t want to answer
h322_list,h322_1,Less than 5 years old,less than 5 years old
h322_list,h322_2,5 – 15 years old,5 – 15 years old
h322_list,h322_3,16 – 35 years old,16 – 35 years old
h322_list,h322_4,36 – 60 years old,36 – 60 years old
h322_list,h322_5,More than 60 years old,more than 60 years old
h4_list,h4_1,Yes,yes
h4_list,h4_2,No,no
h4_list,h4_3,I do not know,i do not know
h4_list,h4_4,I do not want to answer,i do not want to answer
h5_list,h5_1,Health Unit (provides preventative and basic treatment),health unit (provides preventative and basic treatment)
h5_list,h5_2,"Health Centre (provides preventative, diagnostic and curative services)","health centre (provides preventative, diagnostic and curative services)"
h5_list,h5_3,Hospital,hospital
h5_list,h5_4,Private clinic,private clinic
h5_list,h5_5,Community health worker,community health worker
h5_list,h5_6,Pharmacy,pharmacy
h5_list,h5_7,Traditional medicine facility,traditional medicine facility
h5_list,h5_8,No facilities accessed,no facilities accessed
h5_list,h5_9,"Other, please specify","other, please specify"
h5_list,h5_10,I don’t know,i don’t know
h5_list,h5_11,I don’t want to answer,i don’t want to answer
h6_list,h6_1,Less than 30 minutes,less than 30 minutes
h6_list,h6_2,30-60 minutes,30-60 minutes
h6_list,h6_3,More than 60 minutes,more than 60 minutes
h6_list,h6_4,I don’t know,i don’t know
h7_list,h7_1,General services,general services
h7_list,h7_2,Trauma care,trauma care
h7_list,h7_3,Immunization services,immunization services
h7_list,h7_4,Integrated management of child illnesses (IMCI),integrated management of child illnesses (imci)
h7_list,h7_5,"Communicable disease services (tuberculosis, malaria, dengue, cholera, etc","communicable disease services (tuberculosis, malaria, dengue, cholera, etc"
h7_list,h7_6,"Non-communicable disease services (diabetes, high blood pressure, asthma, epilepsy, mental illness, etc","non-communicable disease services (diabetes, high blood pressure, asthma, epilepsy, mental illness, etc"
h7_list,h7_7,Mental health services,mental health services
h7_list,h7_8,"Reproductive health services (antenatal, deliveries, family planning, post-natal, etc","reproductive health services (antenatal, deliveries, family planning, post-natal, etc"
h7_list,h7_9,"Specialized care (dialysis, treatment for cancer, prosthetics, physiotherapy, etc","specialized care (dialysis, treatment for cancer, prosthetics, physiotherapy, etc"
h7_list,h7_10,Surgical services,surgical services
h7_list,h7_11,Laboratory services,laboratory services
h7_list,h7_12,blood bank services,blood bank services
h7_list,h7_13,"Radiological services (x-ray, ultrasound, CT-scan, etc","radiological services (x-ray, ultrasound, ct-scan, etc"
h7_list,h7_14,Pharmacy services,pharmacy services
h7_list,h7_15,No services accessed,no services accessed
h7_list,h7_16,I don’t know,i don’t know
h7_list,h7_17,I don’t want to answer,i don’t want to answer
h8_list,h8_1,General services,general services
h8_list,h8_2,Trauma care,trauma care
h8_list,h8_3,Immunization services,immunization services
h8_list,h8_4,Integrated management of child illnesses (IMCI),integrated management of child illnesses (imci)
h8_list,h8_5,"Communicable disease services (tuberculosis, malaria, dengue, cholera, etc","communicable disease services (tuberculosis, malaria, dengue, cholera, etc"
h8_list,h8_6,"Non-communicable disease services (diabetes, high blood pressure, asthma, epilepsy, mental illness, etc","non-communicable disease services (diabetes, high blood pressure, asthma, epilepsy, mental illness, etc"
h8_list,h8_7,Mental health services,mental health services
h8_list,h8_8,"Reproductive health services (antenatal, deliveries, family planning, post-natal, etc","reproductive health services (antenatal, deliveries, family planning, post-natal, etc"
h8_list,h8_9,"Specialized care (dialysis, treatment for cancer, prosthetics, physiotherapy, etc","specialized care (dialysis, treatment for cancer, prosthetics, physiotherapy, etc"
h8_list,h8_10,Surgical services,surgical services
h8_list,h8_11,Laboratory services,laboratory services
h8_list,h8_12,blood bank services,blood bank services
h8_list,h8_13,"Radiological services (x-ray, ultrasound, CT-scan, etc","radiological services (x-ray, ultrasound, ct-scan, etc"
h8_list,h8_14,Pharmacy services,pharmacy services
h8_list,h8_15,all services accessible/available”,all services accessible/available”
h8_list,h8_16,I don’t know,i don’t know
h8_list,h8_17,I don’t want to answer,i don’t want to answer
h9_list,h9_1_a1_5,Yes_migrants,yes_migrants
h9_list,h9_2_a1_5,No_migrants,no_migrants
h9_list,h9_3_a1_5,I do not know_migrants,i do not know_migrants
h9_list,h9_4_a1_5,I do not want to answer_migrants,i do not want to answer_migrants
h11_list,h11_1,Yes,yes
h11_list,h11_2,No,no
h11_list,h11_3,I do not know,i do not know
h11_list,h11_4,I do not want to answer,i do not want to answer
h12_list,h12_1,No transportation available,no transportation available
h12_list,h12_2,High transportation cost to health facilities,high transportation cost to health facilities
h12_list,h12_3,Health facilities are not accessible for people with special needs (difficulty moving/seeing/hearing),health facilities are not accessible for people with special needs (difficulty moving/seeing/hearing)
h12_list,h12_4,Health facilities do not open all working days of the week,health facilities do not open all working days of the week
h12_list,h12_5,Health facilities are not safe/risk of attack,health facilities are not safe/risk of attack
h12_list,h12_6,Health facilities are not accessible because of security situation on the journey/ roads not accessible,health facilities are not accessible because of security situation on the journey/ roads not accessible
h12_list,h12_7,Health facility is too far to be accessed,health facility is too far to be accessed
h12_list,h12_8,"Other, please specify","other, please specify"
h13_list,h13_1,Price of consultation/treatment (too expensive),price of consultation/treatment (too expensive)
h13_list,h13_2,Required types of service not available,required types of service not available
h13_list,h13_3,The waiting time was too long,the waiting time was too long
h13_list,h13_4,Absence of health workers,absence of health workers
h13_list,h13_5,Lack of specialized medical and surgical staff,lack of specialized medical and surgical staff
h13_list,h13_6,Lack of female health care providers,lack of female health care providers
h13_list,h13_7,Lack of trust health care providers,lack of trust health care providers
h13_list,h13_8,Lack of privacy,lack of privacy
h13_list,h13_9,Lack of available medicines,lack of available medicines
h13_list,h13_10,Medicine is not available in the health facility or in the market,medicine is not available in the health facility or in the market
h13_list,h13_11,"Lack of space to receive patients (insufficient treatment facilities, beds, rooms, etc","lack of space to receive patients (insufficient treatment facilities, beds, rooms, etc"
h13_list,h13_12,"Other, please specify","other, please specify"
h13_list,h13_13,None (we do not have any serious problems),none (we do not have any serious problems)
h13_list,h13_14,I don’t know,i don’t know
h13_list,h13_15,I don’t want to answer,i don’t want to answer
h14_list,h14_1,Not treating illness,not treating illness
h14_list,h14_2,Using traditional medicine,using traditional medicine
h14_list,h14_3,Home remedies,home remedies
h14_list,h14_4,Use pre-existing savings,use pre-existing savings
h14_list,h14_5,Reduction of spending on food,reduction of spending on food
h14_list,h14_6,Removal of children from school,removal of children from school
h14_list,h14_7,Reliance on social support,reliance on social support
h14_list,h14_8,Selling of assets,selling of assets
h14_list,h14_9,Borrowing,borrowing
h14_list,h14_10,None,none
h14_list,h14_11,I don’t know,i don’t know
h14_list,h14_12,I don’t want to answer,i don’t want to answer
h15_list,h15_1,Specialized training for careers of household members with special needs,specialized training for careers of household members with special needs
h15_list,h15_2,Provision of housing appropriate for people with special needs,provision of housing appropriate for people with special needs
h15_list,h15_3,"Provision of devices/items to support special needs (hearing aid, glasses, wheelchair, crutches, etc)","provision of devices/items to support special needs (hearing aid, glasses, wheelchair, crutches, etc)"
h15_list,h15_4,None,none
h15_list,h15_5,I don’t know,i don’t know
h17_list,h17_1,At home alone,at home alone
h17_list,h17_2,At home with non-professional care (unqualified or traditional mid-wife),at home with non-professional care (unqualified or traditional mid-wife)
h17_list,h17_3,In health facility,in health facility
h17_list,h17_4,"At home with professional care (skilled/trained female mid-wife, female doctor)","at home with professional care (skilled/trained female mid-wife, female doctor)"
h19_list,h19_1_a1_1,No female medical staff at nearest health facility_nondisplaced,no female medical staff at nearest health facility_nondisplaced
h19_list,h19_2_a1_1,Female midwives are not available in nearest health facility_nondisplaced,female midwives are not available in nearest health facility_nondisplaced
h19_list,h19_3_a1_1,Gynecologists are not available at the nearest hospital_nondisplaced,gynecologists are not available at the nearest hospital_nondisplaced
h19_list,h19_4_a1_1,No separate waiting space for women/girls in nearest health facility_nondisplaced,no separate waiting space for women/girls in nearest health facility_nondisplaced
h19_list,h19_5_a1_1,Women/girls face uncomfortable environment/mistreatment at health facilities_nondisplaced,women/girls face uncomfortable environment/mistreatment at health facilities_nondisplaced
h19_list,h19_6_a1_1,Lack of privacy in the health facility_nondisplaced,lack of privacy in the health facility_nondisplaced
h19_list,h19_7_a1_1,It is unsafe for women/girls to travel to the nearest health facility_nondisplaced,it is unsafe for women/girls to travel to the nearest health facility_nondisplaced
h19_list,h19_8_a1_1,Lack of companion to travel to health facilities with_nondisplaced,lack of companion to travel to health facilities with_nondisplaced
h19_list,h19_9_a1_1,Women/girls do not have necessary money to pay for health services/transport to health facility_nondisplaced,women/girls do not have necessary money to pay for health services/transport to health facility_nondisplaced
h19_list,h19_10_a1_1,Treatment requires approval from the head of household_nondisplaced,treatment requires approval from the head of household_nondisplaced
h19_list,h19_11_a1_1,Discrimination based on displacement status_nondisplaced,discrimination based on displacement status_nondisplaced
h19_list,h19_12_a1_1,Medicines needed are not available_nondisplaced,medicines needed are not available_nondisplaced
h19_list,h19_13_a1_1,Health facilities are overcrowded_nondisplaced,health facilities are overcrowded_nondisplaced
h19_list,h19_14_a1_1,No (no issues in accessing health services/facilities)_nondisplaced,no (no issues in accessing health services/facilities)_nondisplaced
h19_list,h19_15_a1_1,I don’t know_nondisplaced,i don’t know_nondisplaced
h19_list,h19_16_a1_1,I don’t want to answer_nondisplaced,i don’t want to answer_nondisplaced
i1_list,i1_1,Yes,yes
i1_list,i1_2,No,no
i1_list,i1_3,I don’t know,i don’t know
i1_list,i1_4,I don’t want to answer,i don’t want to answer
i2_list,i2_1,"Abuse resulting from war (injuries, wounds etc)","abuse resulting from war (injuries, wounds etc)"
i2_list,i2_2,Gender-based abuse,gender-based abuse
i2_list,i2_3,Exploitation,exploitation
i2_list,i2_4,I don’t know,i don’t know
i2_list,i2_5,I don’t want to answer,i don’t want to answer
i3_list,i3_1_a1_1,Family_nondisplaced,family_nondisplaced
i3_list,i3_2_a1_1,Friends_nondisplaced,friends_nondisplaced
i3_list,i3_3_a1_1,Mosques_nondisplaced,mosques_nondisplaced
i3_list,i3_4_a1_1,Hospitals/ health centers_nondisplaced,hospitals/ health centers_nondisplaced
i3_list,i3_5_a1_1,Female-led community organization_nondisplaced,female-led community organization_nondisplaced
i3_list,i3_6_a1_1,Community-organization_nondisplaced,community-organization_nondisplaced
i3_list,i3_7_a1_1,Local authorities_nondisplaced,local authorities_nondisplaced
i3_list,i3_8_a1_1,Police_nondisplaced,police_nondisplaced
i3_list,i3_9_a1_1,Community leader_nondisplaced,community leader_nondisplaced
i3_list,i3_10_a1_1,I don’t know_nondisplaced,i don’t know_nondisplaced
i3_list,i3_11_a1_1,I don’t want to answer_nondisplaced,i don’t want to answer_nondisplaced
i3_list,i3_1_a1_2,Family_idps,family_idps
i3_list,i3_2_a1_2,Friends_idps,friends_idps
i3_list,i3_3_a1_2,Mosques_idps,mosques_idps
i3_list,i3_4_a1_2,Hospitals/ health centers_idps,hospitals/ health centers_idps
i3_list,i3_5_a1_2,Female-led community organization_idps,female-led community organization_idps
i3_list,i3_6_a1_2,Community-organization_idps,community-organization_idps
i3_list,i3_7_a1_2,Local authorities_idps,local authorities_idps
i3_list,i3_8_a1_2,Police_idps,police_idps
i3_list,i3_9_a1_2,Community leader_idps,community leader_idps
i3_list,i3_10_a1_2,I don’t know_idps,i don’t know_idps
i3_list,i3_11_a1_2,I don’t want to answer_idps,i don’t want to answer_idps
i3_list,i3_1_a1_3,Family_returnees,family_returnees
i3_list,i3_2_a1_3,Friends_returnees,friends_returnees
i3_list,i3_3_a1_3,Mosques_returnees,mosques_returnees
i3_list,i3_4_a1_3,Hospitals/ health centers_returnees,hospitals/ health centers_returnees
i3_list,i3_5_a1_3,Female-led community organization_returnees,female-led community organization_returnees
i3_list,i3_6_a1_3,Community-organization_returnees,community-organization_returnees
i3_list,i3_7_a1_3,Local authorities_returnees,local authorities_returnees
i3_list,i3_8_a1_3,Police_returnees,police_returnees
i3_list,i3_9_a1_3,Community leader_returnees,community leader_returnees
i3_list,i3_10_a1_3,I don’t know_returnees,i don’t know_returnees
i3_list,i3_11_a1_3,I don’t want to answer_returnees,i don’t want to answer_returnees
i3_list,i3_1_a1_4,Family_refugees,family_refugees
i3_list,i3_2_a1_4,Friends_refugees,friends_refugees
i3_list,i3_3_a1_4,Mosques_refugees,mosques_refugees
i3_list,i3_4_a1_4,Hospitals/ health centers_refugees,hospitals/ health centers_refugees
i3_list,i3_5_a1_4,Female-led community organization_refugees,female-led community organization_refugees
i3_list,i3_6_a1_4,Community-organization_refugees,community-organization_refugees
i3_list,i3_7_a1_4,Local authorities_refugees,local authorities_refugees
i3_list,i3_8_a1_4,Police_refugees,police_refugees
i3_list,i3_9_a1_4,Community leader_refugees,community leader_refugees
i3_list,i3_10_a1_4,I don’t know_refugees,i don’t know_refugees
i3_list,i3_11_a1_4,I don’t want to answer_refugees,i don’t want to answer_refugees
i3_list,i3_1_a1_5,Family_migrants,family_migrants
i3_list,i3_2_a1_5,Friends_migrants,friends_migrants
i3_list,i3_3_a1_5,Mosques_migrants,mosques_migrants
i3_list,i3_4_a1_5,Hospitals/ health centers_migrants,hospitals/ health centers_migrants
i3_list,i3_5_a1_5,Female-led community organization_migrants,female-led community organization_migrants
i3_list,i3_6_a1_5,Community-organization_migrants,community-organization_migrants
i3_list,i3_7_a1_5,Local authorities_migrants,local authorities_migrants
i3_list,i3_8_a1_5,Police_migrants,police_migrants
i3_list,i3_9_a1_5,Community leader_migrants,community leader_migrants
i3_list,i3_10_a1_5,I don’t know_migrants,i don’t know_migrants
i3_list,i3_11_a1_5,I don’t want to answer_migrants,i don’t want to answer_migrants
i4_list,i4_1,Psychological Support,psychological support
i4_list,i4_2,Medical care / health,medical care / health
i4_list,i4_3,Livelihoods / rehabilitation,livelihoods / rehabilitation
i4_list,i4_4,Legal assistance / access justice,legal assistance / access justice
i4_list,i4_5,Access to safe-spaces / shelter,access to safe-spaces / shelter
i4_list,i4_6,None,none
i4_list,i4_7,I don’t know,i don’t know
i4_list,i4_8,I don’t want to answer,i don’t want to answer
i5_list,i5_1,Psychological,psychological
i5_list,i5_2,Medical care / health,medical care / health
i5_list,i5_3,Livelihoods / rehabilitation,livelihoods / rehabilitation
i5_list,i5_4,Legal / justice,legal / justice
i5_list,i5_5,Access to safe-spaces / shelter,access to safe-spaces / shelter
i5_list,i5_6,None,none
i5_list,i5_7,I don’t know,i don’t know
i5_list,i5_8,I don’t want to answer,i don’t want to answer
i6_list,i6_1,Difficulty of access,difficulty of access
i6_list,i6_2,Cost of access,cost of access
i6_list,i6_3,Lack of NGO response,lack of ngo response
i6_list,i6_4,Service is not available altogether,service is not available altogether
i6_list,i6_5,Not having civilian documents which allows the person to get assistance,not having civilian documents which allows the person to get assistance
i6_list,i6_6,I don’t know how or where to get assistance,i don’t know how or where to get assistance
i6_list,i6_7,Due to customs and traditions / due to religious believes,due to customs and traditions / due to religious believes
i7_list,i7_1,Access to safe spaces / shelter,access to safe spaces / shelter
i7_list,i7_2,Best interest procedures for children (specialized protection services),best interest procedures for children (specialized protection services)
i7_list,i7_3,Specialized training for foster parents,specialized training for foster parents
i7_list,i7_4,Family reunification,family reunification
i7_list,i7_5,Education,education
i7_list,i7_6,None,none
i7_list,i7_7,I don’t know,i don’t know
i7_list,i7_8,I don’t want to answer,i don’t want to answer
i8_list,i8_1,Provision of safe housing,provision of safe housing
i8_list,i8_2,Psychosocial support,psychosocial support
i8_list,i8_3,Reproductive health services,reproductive health services
i8_list,i8_4,Healthcare services,healthcare services
i8_list,i8_5,livelihoods / rehabilitation,livelihoods / rehabilitation
i8_list,i8_6,Access to justice / legal assistance,access to justice / legal assistance
i8_list,i8_7,None,none
i8_list,i8_8,I don’t know,i don’t know
i8_list,i8_9,I don’t want to answer,i don’t want to answer
j1_list,j1_1,Employment full time,employment full time
j1_list,j1_2,Employment part time,employment part time
j1_list,j1_3,Day labour/casual labour,day labour/casual labour
j1_list,j1_4,Self-employed,self-employed
j1_list,j1_5,Pension,pension
j1_list,j1_6,Remittances,remittances
j1_list,j1_7,Gifts from family/relatives,gifts from family/relatives
j1_list,j1_8,Begging,begging
j1_list,j1_9,Borrowing money,borrowing money
j1_list,j1_10,Savings,savings
j1_list,j1_11,Government assistance,government assistance
j1_list,j1_12,Cash assistance from humanitarian actors,cash assistance from humanitarian actors
j1_list,j1_13,No source of income,no source of income
j1_list,j1_14,I don’t know,i don’t know
j1_list,j1_15,I don’t want to answer,i don’t want to answer
j2_list,j2_1,Yes,yes
j2_list,j2_2,No,no
j2_list,j2_3,I don’t know,i don’t know
j2_list,j2_4,I don’t want to answer,i don’t want to answer
j3_list,j3_1,Skills no longer required in the job market,skills no longer required in the job market
j3_list,j3_2,Pre-retirement age,pre-retirement age
j3_list,j3_3,Limited/Non-existent job market,limited/non-existent job market
j3_list,j3_4,Missing documentation,missing documentation
j3_list,j3_5,Place of work is inaccessible,place of work is inaccessible
j3_list,j3_6,Place of work in insecure location,place of work in insecure location
j3_list,j3_7,Place of work is damaged/destroyed,place of work is damaged/destroyed
j3_list,j3_8,Livelihood assets damaged/destroyed,livelihood assets damaged/destroyed
j3_list,j3_9,No funds/savings to continue investing,no funds/savings to continue investing
j3_list,j3_10,Poor health status,poor health status
j3_list,j3_11,Discrimination from employers due to foreign nationality,discrimination from employers due to foreign nationality
j3_list,j3_12,"Discrimination from employers due to race, religion, political affiliation, regional variation, etc","discrimination from employers due to race, religion, political affiliation, regional variation, etc"
j3_list,j3_13,Language barriers,language barriers
j4_list,j4_1,Yes,yes
j4_list,j4_2,No,no
j4_list,j4_3,I don’t know,i don’t know
j4_list,j4_4,I don’t want to answer,i don’t want to answer
j5_list,j5_1_a1_1,The market is often closed_nondisplaced,the market is often closed_nondisplaced
j5_list,j5_2_a1_1,The market is damaged_nondisplaced,the market is damaged_nondisplaced
j5_list,j5_3_a1_1,The market is too far to walk_nondisplaced,the market is too far to walk_nondisplaced
j5_list,j5_4_a1_1,The market location is unsafe (including harassment and presence of landmines/UXO/airstrikes)_nondisplaced,the market location is unsafe (including harassment and presence of landmines/uxo/airstrikes)_nondisplaced
j5_list,j5_5_a1_1,There are crossing checkpoints on the way to the market_nondisplaced,there are crossing checkpoints on the way to the market_nondisplaced
j5_list,j5_6_a1_1,The roads leading to the market are damaged_nondisplaced,the roads leading to the market are damaged_nondisplaced
j5_list,j5_7_a1_1,There are no means of transportation to the market_nondisplaced,there are no means of transportation to the market_nondisplaced
j5_list,j5_8_a1_1,We cannot afford transportation costs to the market_nondisplaced,we cannot afford transportation costs to the market_nondisplaced
j5_list,j5_9_a1_1,There are restrictions on movement / curfews_nondisplaced,there are restrictions on movement / curfews_nondisplaced
j5_list,j5_1_a1_2,The market is often closed_idps,the market is often closed_idps
j5_list,j5_2_a1_2,The market is damaged_idps,the market is damaged_idps
j5_list,j5_3_a1_2,The market is too far to walk_idps,the market is too far to walk_idps
j5_list,j5_4_a1_2,The market location is unsafe (including harassment and presence of landmines/UXO/airstrikes)_idps,the market location is unsafe (including harassment and presence of landmines/uxo/airstrikes)_idps
j5_list,j5_5_a1_2,There are crossing checkpoints on the way to the market_idps,there are crossing checkpoints on the way to the market_idps
j5_list,j5_6_a1_2,The roads leading to the market are damaged_idps,the roads leading to the market are damaged_idps
j5_list,j5_7_a1_2,There are no means of transportation to the market_idps,there are no means of transportation to the market_idps
j5_list,j5_8_a1_2,We cannot afford transportation costs to the market_idps,we cannot afford transportation costs to the market_idps
j5_list,j5_9_a1_2,There are restrictions on movement / curfews_idps,there are restrictions on movement / curfews_idps
j5_list,j5_1_a1_3,The market is often closed_returnees,the market is often closed_returnees
j5_list,j5_2_a1_3,The market is damaged_returnees,the market is damaged_returnees
j5_list,j5_3_a1_3,The market is too far to walk_returnees,the market is too far to walk_returnees
j5_list,j5_4_a1_3,The market location is unsafe (including harassment and presence of landmines/UXO/airstrikes)_returnees,the market location is unsafe (including harassment and presence of landmines/uxo/airstrikes)_returnees
j5_list,j5_5_a1_3,There are crossing checkpoints on the way to the market_returnees,there are crossing checkpoints on the way to the market_returnees
j5_list,j5_6_a1_3,The roads leading to the market are damaged_returnees,the roads leading to the market are damaged_returnees
j5_list,j5_7_a1_3,There are no means of transportation to the market_returnees,there are no means of transportation to the market_returnees
j5_list,j5_8_a1_3,We cannot afford transportation costs to the market_returnees,we cannot afford transportation costs to the market_returnees
j5_list,j5_9_a1_3,There are restrictions on movement / curfews_returnees,there are restrictions on movement / curfews_returnees
j5_list,j5_1_a1_4,The market is often closed_refugees,the market is often closed_refugees
j5_list,j5_2_a1_4,The market is damaged_refugees,the market is damaged_refugees
j5_list,j5_3_a1_4,The market is too far to walk_refugees,the market is too far to walk_refugees
j5_list,j5_4_a1_4,The market location is unsafe (including harassment and presence of landmines/UXO/airstrikes)_refugees,the market location is unsafe (including harassment and presence of landmines/uxo/airstrikes)_refugees
j5_list,j5_5_a1_4,There are crossing checkpoints on the way to the market_refugees,there are crossing checkpoints on the way to the market_refugees
j5_list,j5_6_a1_4,The roads leading to the market are damaged_refugees,the roads leading to the market are damaged_refugees
j5_list,j5_7_a1_4,There are no means of transportation to the market_refugees,there are no means of transportation to the market_refugees
j5_list,j5_8_a1_4,We cannot afford transportation costs to the market_refugees,we cannot afford transportation costs to the market_refugees
j5_list,j5_9_a1_4,There are restrictions on movement / curfews_refugees,there are restrictions on movement / curfews_refugees
j5_list,j5_10_a1_4,Foreigners are not allowed to access local markets (only for migrants and refugees)_refugees,foreigners are not allowed to access local markets (only for migrants and refugees)_refugees
j5_list,j5_1_a1_5,The market is often closed_migrants,the market is often closed_migrants
j5_list,j5_2_a1_5,The market is damaged_migrants,the market is damaged_migrants
j5_list,j5_3_a1_5,The market is too far to walk_migrants,the market is too far to walk_migrants
j5_list,j5_4_a1_5,The market location is unsafe (including harassment and presence of landmines/UXO/airstrikes)_migrants,the market location is unsafe (including harassment and presence of landmines/uxo/airstrikes)_migrants
j5_list,j5_5_a1_5,There are crossing checkpoints on the way to the market_migrants,there are crossing checkpoints on the way to the market_migrants
j5_list,j5_6_a1_5,The roads leading to the market are damaged_migrants,the roads leading to the market are damaged_migrants
j5_list,j5_7_a1_5,There are no means of transportation to the market_migrants,there are no means of transportation to the market_migrants
j5_list,j5_8_a1_5,We cannot afford transportation costs to the market_migrants,we cannot afford transportation costs to the market_migrants
j5_list,j5_9_a1_5,There are restrictions on movement / curfews_migrants,there are restrictions on movement / curfews_migrants
j5_list,j5_10_a1_5,Foreigners are not allowed to access local markets (only for migrants and refugees)_migrants,foreigners are not allowed to access local markets (only for migrants and refugees)_migrants
j6_list,j6_1,Yes,yes
j6_list,j6_2,No,no
j6_list,j6_3,I don’t know,i don’t know
j6_list,j6_4,I don’t want to answer,i don’t want to answer
j7_list,j7_1,"Sell assets/goods (radio, furniture, tv, etc","sell assets/goods (radio, furniture, tv, etc"
j7_list,j7_2,"Sell productive assets/means of transport (livestock, sewing machine, car, etc","sell productive assets/means of transport (livestock, sewing machine, car, etc"
j7_list,j7_3,Sell house or land,sell house or land
j7_list,j7_4,Spend savings,spend savings
j7_list,j7_5,Purchase food on credit or borrowed food,purchase food on credit or borrowed food
j7_list,j7_6,"Reduce expenses on basic needs (food, shelter, health, etc","reduce expenses on basic needs (food, shelter, health, etc"
j7_list,j7_7,"Reduce expenses on transportation, education, household appliances, clothing, entertainment, etc","reduce expenses on transportation, education, household appliances, clothing, entertainment, etc"
j7_list,j7_8,Household member sent to eat/live with another family,household member sent to eat/live with another family
j7_list,j7_9,Household member move elsewhere in search of work,household member move elsewhere in search of work
j7_list,j7_10,"Household member resort to an illegal, high risk or degrading job","household member resort to an illegal, high risk or degrading job"
j7_list,j7_11,Marriage,marriage
j7_list,j7_12,Look for alternative income source,look for alternative income source
j7_list,j7_13,Resort to withdraw loans,resort to withdraw loans
j7_list,j7_14,"Begging, including from children","begging, including from children"
j8_list,j8_1,Yes,yes
j8_list,j8_2,No,no
j8_list,j8_3,I don’t know,i don’t know
j8_list,j8_4,I don’t want to answer,i don’t want to answer
j9_list,j9_1,Debt due to missing rent payments,debt due to missing rent payments
j9_list,j9_2,Debt due to purchasing food on credit,debt due to purchasing food on credit
j9_list,j9_3,"Debt due to purchasing productive inputs on credit (seeds, soil, fertilizer, etc","debt due to purchasing productive inputs on credit (seeds, soil, fertilizer, etc"
j9_list,j9_4,"Debt due to purchasing assets (livestock, transportation, house, etc","debt due to purchasing assets (livestock, transportation, house, etc"
j9_list,j9_5,Debt due medical fees,debt due medical fees
j9_list,j9_6,Debt due education fees (school materials and school enrolment fees),debt due education fees (school materials and school enrolment fees)
j9_list,j9_7,Debt due to legal fees,debt due to legal fees
j9_list,j9_8,Debt due to funeral/marriage arrangements,debt due to funeral/marriage arrangements
j9_list,j9_9,Debt due to costs related to the migration of one or multiple household members,debt due to costs related to the migration of one or multiple household members
j9_list,j9_10,Debt due to personal loans owed to financial institutions,debt due to personal loans owed to financial institutions
j10_list,j10_1,Drugs/vaccination and treatment for livestock,drugs/vaccination and treatment for livestock
j10_list,j10_2,Water for livestock,water for livestock
j10_list,j10_3,Small ruminants,small ruminants
j10_list,j10_4,Water for agricultural use,water for agricultural use
j10_list,j10_5,Cereal seeds/Vegetable seeds,cereal seeds/vegetable seeds
j10_list,j10_6,Fishing equipment,fishing equipment
j10_list,j10_7,Hand tools,hand tools
j10_list,j10_8,Capacity building training,capacity building training
j10_list,j10_9,Vocational training,vocational training
j10_list,j10_10,Education,education
j10_list,j10_11,Employment opportunities,employment opportunities
j10_list,j10_12,Business grants,business grants
j10_list,j10_13,I don’t know,i don’t know
j10_list,j10_14,I don’t want to answer,i don’t want to answer
k1_list,k1_1,Yes,yes
k1_list,k1_2,No,no
k1_list,k1_3,I don’t know,i don’t know
k1_list,k1_4,I don’t want to answer,i don’t want to answer
k2_list,k2_1,NGO,ngo
k2_list,k2_2,UN agency,un agency
k2_list,k2_3,Government agency,government agency
k2_list,k2_4,I don’t know,i don’t know
k2_list,k2_5,I don’t want to answer,i don’t want to answer
k3_list,k3_1,Once,once
k3_list,k3_2,Twice,twice
k3_list,k3_3,Three or more times,three or more times
k3_list,k3_4,I don’t know,i don’t know
k3_list,k3_5,I don’t want to answer,i don’t want to answer
k4_list,k4_1,"Cash – multi-purpose, conditional","cash – multi-purpose, conditional"
k4_list,k4_2,"Cash – multi-purpose, non-conditional","cash – multi-purpose, non-conditional"
k4_list,k4_3,Voucher,voucher
k4_list,k4_4,I don’t know,i don’t know
k4_list,k4_5,I don’t want to answer,i don’t want to answer
l1_list,l1_1,Yes,yes
l1_list,l1_2,No,no
l1_list,l1_3,I don’t know,i don’t know
l1_list,l1_4,I don’t want to answer,i don’t want to answer
l2_list,l2_1,Food,food
l2_list,l2_2,Nutrition,nutrition
l2_list,l2_3,Shelter,shelter
l2_list,l2_4,NFI,nfi
l2_list,l2_5,Water,water
l2_list,l2_6,Sanitation,sanitation
l2_list,l2_7,Education assistance/material,education assistance/material
l2_list,l2_8,Health/Medical assistance,health/medical assistance
l2_list,l2_9,Protection services for women,protection services for women
l2_list,l2_10,Protection services for children,protection services for children
l2_list,l2_11,Legal assistance,legal assistance
l2_list,l2_12,Psychological support,psychological support
l2_list,l2_13,Services for elderly persons,services for elderly persons
l2_list,l2_14,Services for persons with special needs,services for persons with special needs
l2_list,l2_15,Risk education on explosive hazard,risk education on explosive hazard
l2_list,l2_16,Livelihood support*,livelihood support*
l2_list,l2_17,Multipurpose cash assistance,multipurpose cash assistance
l2_list,l2_18,I don’t know,i don’t know
l2_list,l2_19,I don’t want to answer,i don’t want to answer
l3_list,l3_1,Humanitarian agencies*,humanitarian agencies*
l3_list,l3_2,Local authority (district/village),local authority (district/village)
l3_list,l3_3,Host community,host community
l3_list,l3_4,Community leader,community leader
l3_list,l3_5,Community volunteers,community volunteers
l3_list,l3_6,Religious groups,religious groups
l3_list,l3_7,Friends/relatives,friends/relatives
l3_list,l3_8,Traders,traders
l3_list,l3_9,I don’t know,i don’t know
l3_list,l3_10,I don’t want to answer,i don’t want to answer
l4_list,l4_1,Fully,fully
l4_list,l4_2,Partially,partially
l4_list,l4_3,Not satisfied,not satisfied
l5_list,l5_1,Assistance provided was not enough (quantity) to cover needs,assistance provided was not enough (quantity) to cover needs
l5_list,l5_2,Assistance provided was not good enough (quality) to cover needs,assistance provided was not good enough (quality) to cover needs
l5_list,l5_3,Assistance provided not relevant to the priority needs,assistance provided not relevant to the priority needs
l5_list,l5_4,"Assistance was not delivered in a fair, impartial manner","assistance was not delivered in a fair, impartial manner"
l5_list,l5_5,Assistance was not delivered in time to address needs,assistance was not delivered in time to address needs
l5_list,l5_6,"Assistance was not free, payment or favours were required","assistance was not free, payment or favours were required"
l5_list,l5_7,Civil documentation required to obtain assistance,civil documentation required to obtain assistance
l5_list,l5_8,The humanitarian staff who provided the services did not treat the people well,the humanitarian staff who provided the services did not treat the people well
l5_list,l5_9,I had to pay a lot of money to transport the assistance provided or to access the distribution site,i had to pay a lot of money to transport the assistance provided or to access the distribution site
l5_list,l5_10,"The location where the assistance was provided/distributed was not optimal (far away, unsafe, not easy to access, etc","the location where the assistance was provided/distributed was not optimal (far away, unsafe, not easy to access, etc"
l5_list,l5_11,"The communication about time, location, and requirement of assistance was unclear","the communication about time, location, and requirement of assistance was unclear"
l5_list,l5_12,I don’t know,i don’t know
l5_list,l5_13,I don’t want to answer,i don’t want to answer
l6_list,l6_1,Fully,fully
l6_list,l6_2,Partially,partially
l6_list,l6_3,Not satisfied,not satisfied
l8_list,l8_1,Assistance was not required/household was well-off/ did not meet eligibility criteria,assistance was not required/household was well-off/ did not meet eligibility criteria
l8_list,l8_2,Inadequate distribution systems,inadequate distribution systems
l8_list,l8_3,Difficult to access distribution centres,difficult to access distribution centres
l8_list,l8_4,Poorly informed about humanitarian assistance,poorly informed about humanitarian assistance
l8_list,l8_5,Didn’t know how to access humanitarian assistance,didn’t know how to access humanitarian assistance
l10_list,l10_1_a1_1,How to register for assistance_nondisplaced,how to register for assistance_nondisplaced
l10_list,l10_2_a1_1,The security situation here (in place of residency)_nondisplaced,the security situation here (in place of residency)_nondisplaced
l10_list,l10_3_a1_1,The security situation in the place of origin_nondisplaced,the security situation in the place of origin_nondisplaced
l10_list,l10_4_a1_1,Relocation services_nondisplaced,relocation services_nondisplaced
l10_list,l10_5_a1_1,Family reunification services_nondisplaced,family reunification services_nondisplaced
l10_list,l10_6_a1_1,How to get food_nondisplaced,how to get food_nondisplaced
l10_list,l10_7_a1_1,How to get shelter/accommodation/shelter materials_nondisplaced,how to get shelter/accommodation/shelter materials_nondisplaced
l10_list,l10_8_a1_1,How to get water for drinking and/or household purposes_nondisplaced,how to get water for drinking and/or household purposes_nondisplaced
l10_list,l10_9_a1_1,How to access to education_nondisplaced,how to access to education_nondisplaced
l10_list,l10_10_a1_1,How to get healthcare/medical attention_nondisplaced,how to get healthcare/medical attention_nondisplaced
l10_list,l10_11_a1_1,How to get help after attack or harassment_nondisplaced,how to get help after attack or harassment_nondisplaced
l10_list,l10_12_a1_1,How to obtain / replace personal documentation (eg_nondisplaced,how to obtain / replace personal documentation (eg_nondisplaced
l10_list,l10_13_a1_1,How to find work_nondisplaced,how to find work_nondisplaced
l10_list,l10_14_a1_1,How to get cash assistance_nondisplaced,how to get cash assistance_nondisplaced
l10_list,l10_15_a1_1,How to get transport_nondisplaced,how to get transport_nondisplaced
l10_list,l10_16_a1_1,The humanitarian actors providing assistance_nondisplaced,the humanitarian actors providing assistance_nondisplaced
l10_list,l10_17_a1_1,How to complain about the assistance received_nondisplaced,how to complain about the assistance received_nondisplaced
l10_list,l10_19_a1_1,Other (please specify)_nondisplaced,other (please specify)_nondisplaced
l10_list,l10_1_a1_2,How to register for assistance_idps,how to register for assistance_idps
l10_list,l10_2_a1_2,The security situation here (in place of residency)_idps,the security situation here (in place of residency)_idps
l10_list,l10_3_a1_2,The security situation in the place of origin_idps,the security situation in the place of origin_idps
l10_list,l10_4_a1_2,Relocation services_idps,relocation services_idps
l10_list,l10_5_a1_2,Family reunification services_idps,family reunification services_idps
l10_list,l10_6_a1_2,How to get food_idps,how to get food_idps
l10_list,l10_7_a1_2,How to get shelter/accommodation/shelter materials_idps,how to get shelter/accommodation/shelter materials_idps
l10_list,l10_8_a1_2,How to get water for drinking and/or household purposes_idps,how to get water for drinking and/or household purposes_idps
l10_list,l10_9_a1_2,How to access to education_idps,how to access to education_idps
l10_list,l10_10_a1_2,How to get healthcare/medical attention_idps,how to get healthcare/medical attention_idps
l10_list,l10_11_a1_2,How to get help after attack or harassment_idps,how to get help after attack or harassment_idps
l10_list,l10_12_a1_2,How to obtain / replace personal documentation (eg_idps,how to obtain / replace personal documentation (eg_idps
l10_list,l10_13_a1_2,How to find work_idps,how to find work_idps
l10_list,l10_14_a1_2,How to get cash assistance_idps,how to get cash assistance_idps
l10_list,l10_15_a1_2,How to get transport_idps,how to get transport_idps
l10_list,l10_16_a1_2,The humanitarian actors providing assistance_idps,the humanitarian actors providing assistance_idps
l10_list,l10_17_a1_2,How to complain about the assistance received_idps,how to complain about the assistance received_idps
l10_list,l10_19_a1_2,Other (please specify)_idps,other (please specify)_idps
l10_list,l10_1_a1_3,How to register for assistance_returnees,how to register for assistance_returnees
l10_list,l10_2_a1_3,The security situation here (in place of residency)_returnees,the security situation here (in place of residency)_returnees
l10_list,l10_3_a1_3,The security situation in the place of origin_returnees,the security situation in the place of origin_returnees
l10_list,l10_4_a1_3,Relocation services_returnees,relocation services_returnees
l10_list,l10_5_a1_3,Family reunification services_returnees,family reunification services_returnees
l10_list,l10_6_a1_3,How to get food_returnees,how to get food_returnees
l10_list,l10_7_a1_3,How to get shelter/accommodation/shelter materials_returnees,how to get shelter/accommodation/shelter materials_returnees
l10_list,l10_8_a1_3,How to get water for drinking and/or household purposes_returnees,how to get water for drinking and/or household purposes_returnees
l10_list,l10_9_a1_3,How to access to education_returnees,how to access to education_returnees
l10_list,l10_10_a1_3,How to get healthcare/medical attention_returnees,how to get healthcare/medical attention_returnees
l10_list,l10_11_a1_3,How to get help after attack or harassment_returnees,how to get help after attack or harassment_returnees
l10_list,l10_12_a1_3,How to obtain / replace personal documentation (eg_returnees,how to obtain / replace personal documentation (eg_returnees
l10_list,l10_13_a1_3,How to find work_returnees,how to find work_returnees
l10_list,l10_14_a1_3,How to get cash assistance_returnees,how to get cash assistance_returnees
l10_list,l10_15_a1_3,How to get transport_returnees,how to get transport_returnees
l10_list,l10_16_a1_3,The humanitarian actors providing assistance_returnees,the humanitarian actors providing assistance_returnees
l10_list,l10_17_a1_3,How to complain about the assistance received_returnees,how to complain about the assistance received_returnees
l10_list,l10_19_a1_3,Other (please specify)_returnees,other (please specify)_returnees
l10_list,l10_1_a1_4,How to register for assistance_refugees,how to register for assistance_refugees
l10_list,l10_2_a1_4,The security situation here (in place of residency)_refugees,the security situation here (in place of residency)_refugees
l10_list,l10_3_a1_4,The security situation in the place of origin_refugees,the security situation in the place of origin_refugees
l10_list,l10_4_a1_4,Relocation services_refugees,relocation services_refugees
l10_list,l10_5_a1_4,Family reunification services_refugees,family reunification services_refugees
l10_list,l10_6_a1_4,How to get food_refugees,how to get food_refugees
l10_list,l10_7_a1_4,How to get shelter/accommodation/shelter materials_refugees,how to get shelter/accommodation/shelter materials_refugees
l10_list,l10_8_a1_4,How to get water for drinking and/or household purposes_refugees,how to get water for drinking and/or household purposes_refugees
l10_list,l10_9_a1_4,How to access to education_refugees,how to access to education_refugees
l10_list,l10_10_a1_4,How to get healthcare/medical attention_refugees,how to get healthcare/medical attention_refugees
l10_list,l10_11_a1_4,How to get help after attack or harassment_refugees,how to get help after attack or harassment_refugees
l10_list,l10_12_a1_4,How to obtain / replace personal documentation (eg_refugees,how to obtain / replace personal documentation (eg_refugees
l10_list,l10_13_a1_4,How to find work_refugees,how to find work_refugees
l10_list,l10_14_a1_4,How to get cash assistance_refugees,how to get cash assistance_refugees
l10_list,l10_15_a1_4,How to get transport_refugees,how to get transport_refugees
l10_list,l10_16_a1_4,The humanitarian actors providing assistance_refugees,the humanitarian actors providing assistance_refugees
l10_list,l10_17_a1_4,How to complain about the assistance received_refugees,how to complain about the assistance received_refugees
l10_list,l10_18_a1_4,How to register with UNHCR/BRA (Bureau for Refugees affairs)/IPNA_refugees,how to register with unhcr/bra (bureau for refugees affairs)/ipna_refugees
l10_list,l10_19_a1_4,Other (please specify)_refugees,other (please specify)_refugees
l10_list,l10_1_a1_5,How to register for assistance_migrants,how to register for assistance_migrants
l10_list,l10_2_a1_5,The security situation here (in place of residency)_migrants,the security situation here (in place of residency)_migrants
l10_list,l10_3_a1_5,The security situation in the place of origin_migrants,the security situation in the place of origin_migrants
l10_list,l10_4_a1_5,Relocation services_migrants,relocation services_migrants
l10_list,l10_5_a1_5,Family reunification services_migrants,family reunification services_migrants
l10_list,l10_6_a1_5,How to get food_migrants,how to get food_migrants
l10_list,l10_7_a1_5,How to get shelter/accommodation/shelter materials_migrants,how to get shelter/accommodation/shelter materials_migrants
l10_list,l10_8_a1_5,How to get water for drinking and/or household purposes_migrants,how to get water for drinking and/or household purposes_migrants
l10_list,l10_9_a1_5,How to access to education_migrants,how to access to education_migrants
l10_list,l10_10_a1_5,How to get healthcare/medical attention_migrants,how to get healthcare/medical attention_migrants
l10_list,l10_11_a1_5,How to get help after attack or harassment_migrants,how to get help after attack or harassment_migrants
l10_list,l10_12_a1_5,How to obtain / replace personal documentation (eg_migrants,how to obtain / replace personal documentation (eg_migrants
l10_list,l10_13_a1_5,How to find work_migrants,how to find work_migrants
l10_list,l10_14_a1_5,How to get cash assistance_migrants,how to get cash assistance_migrants
l10_list,l10_15_a1_5,How to get transport_migrants,how to get transport_migrants
l10_list,l10_16_a1_5,The humanitarian actors providing assistance_migrants,the humanitarian actors providing assistance_migrants
l10_list,l10_17_a1_5,How to complain about the assistance received_migrants,how to complain about the assistance received_migrants
l10_list,l10_19_a1_5,How to register with UNHCR/BRA (Bureau for Refugees affairs)/IPNA_migrants,how to register with unhcr/bra (bureau for refugees affairs)/ipna_migrants
l11_list,l11_1,Community leader,community leader
l11_list,l11_2,Places of worship,places of worship
l11_list,l11_3,Government officials,government officials
l11_list,l11_4,Friends/family,friends/family
l11_list,l11_5,Humanitarian workers from the UN,humanitarian workers from the un
l11_list,l11_6,Humanitarian workers from local NGOs,humanitarian workers from local ngos
l11_list,l11_7,Humanitarian workers from international NGOs,humanitarian workers from international ngos
l11_list,l11_8,I don’t know,i don’t know
l11_list,l11_9,I don’t want to answer,i don’t want to answer
l12_list,l12_1,Phone call,phone call
l12_list,l12_2,SMS,sms
l12_list,l12_3,WhatsApp,whatsapp
l12_list,l12_4,E-mail,e-mail
l12_list,l12_5,"Social media (Facebook, Twitter, etc","social media (facebook, twitter, etc"
l12_list,l12_6,Television,television
l12_list,l12_7,Community gathering/meetings/community-based protection network members,community gathering/meetings/community-based protection network members
l12_list,l12_8,Private face to face meeting,private face to face meeting
l12_list,l12_9,Newspapers,newspapers
l12_list,l12_10,Billboards,billboards
l12_list,l12_11,Posters,posters
l12_list,l12_12,Leaflets,leaflets
l12_list,l12_13,Loudspeakers,loudspeakers
l12_list,l12_14,I don’t know,i don’t know
l12_list,l12_15,I don’t want to answer,i don’t want to answer
l13_list,l13_1,Yes,yes
l13_list,l13_2,No,no
l13_list,l13_3,I don’t know,i don’t know
l16_list,l16_1,Phone call,phone call
l16_list,l16_2,SMS,sms
l16_list,l16_3,WhatsApp,whatsapp
l16_list,l16_4,E-mail,e-mail
l16_list,l16_5,"Social media (Facebook, Twitter, etc","social media (facebook, twitter, etc"
l16_list,l16_6,Television,television
l16_list,l16_7,Community gathering/meetings/community-based protection network members,community gathering/meetings/community-based protection network members
l16_list,l16_8,Private face to face meeting,private face to face meeting
l16_list,l16_9,Newspapers,newspapers
l16_list,l16_10,Billboards,billboards
l16_list,l16_11,Posters,posters
l16_list,l16_12,Leaflets,leaflets
l16_list,l16_13,Loudspeakers,loudspeakers
l16_list,l16_14,I don’t know,i don’t know
l16_list,l16_15,I don’t want to answer,i don’t want to answer
governorate,YE11,Ibb,ibb
governorate,YE12,Abyan,abyan
governorate,YE13,Amanat Al Asimah,amanat al asimah
governorate,YE14,Al Bayda,al bayda
governorate,YE15,Taizz,taizz
governorate,YE16,Al Jawf,al jawf
governorate,YE17,Hajjah,hajjah
governorate,YE18,Al Hudaydah,al hudaydah
governorate,YE19,Hadramaut,hadramaut
governorate,YE20,Dhamar,dhamar
governorate,YE21,Shabwah,shabwah
governorate,YE22,Sa'ada,sa'ada
governorate,YE23,Sana'a,sana'a
governorate,YE24,Aden,aden
governorate,YE25,Lahj,lahj
governorate,YE26,Marib,marib
governorate,YE27,Al Mahwit,al mahwit
governorate,YE28,Al Maharah,al maharah
governorate,YE29,Amran,amran
governorate,YE30,Al Dhale'e,al dhale'e
governorate,YE31,Raymah,raymah
governorate,YE32,Socotra,socotra
